"Step","SAC caller/callee cyclic epoch=5","SAC caller/callee cyclic epoch=5__MIN","SAC caller/callee cyclic epoch=5__MAX","SAC caller/callee cyclic epoch=10","SAC caller/callee cyclic epoch=10__MIN","SAC caller/callee cyclic epoch=10__MAX","SAC caller/callee cyclic epoch=20","SAC caller/callee cyclic epoch=20__MIN","SAC caller/callee cyclic epoch=20__MAX","SAC caller/callee jointly","SAC caller/callee jointly__MIN","SAC caller/callee jointly__MAX"
"1","78.34100341796875","78.34100341796875","78.34100341796875","78.34100341796875","78.34100341796875","78.34100341796875","78.34100341796875","78.34100341796875","78.34100341796875","78.54199981689453","78.54199981689453","78.54199981689453"
"8000","76.13300323486328","76.13300323486328","76.13300323486328","76.13300323486328","76.13300323486328","76.13300323486328","77.01599884033203","77.01599884033203","77.01599884033203","78.33200073242188","78.33200073242188","78.33200073242188"
"15999","77.4990005493164","77.4990005493164","77.4990005493164","77.4990005493164","77.4990005493164","77.4990005493164","77.59700012207031","77.59700012207031","77.59700012207031","78.36599731445312","78.36599731445312","78.36599731445312"
"23998","75.625","75.625","75.625","75.625","75.625","75.625","76.71099853515625","76.71099853515625","76.71099853515625","79.19100189208984","79.19100189208984","79.19100189208984"
"31997","78.68099975585938","78.68099975585938","78.68099975585938","78.68099975585938","78.68099975585938","78.68099975585938","77.94400024414062","77.94400024414062","77.94400024414062","78.447998046875","78.447998046875","78.447998046875"
"39996","78.58100128173828","78.58100128173828","78.58100128173828","78.58100128173828","78.58100128173828","78.58100128173828","78.91899871826172","78.91899871826172","78.91899871826172","79.03099822998047","79.03099822998047","79.03099822998047"
"47995","77.93000030517578","77.93000030517578","77.93000030517578","77.93000030517578","77.93000030517578","77.93000030517578","78.38300323486328","78.38300323486328","78.38300323486328","78.64099884033203","78.64099884033203","78.64099884033203"
"55994","77.7969970703125","77.7969970703125","77.7969970703125","77.7969970703125","77.7969970703125","77.7969970703125","77.85700225830078","77.85700225830078","77.85700225830078","78.94200134277344","78.94200134277344","78.94200134277344"
"63993","78.78199768066406","78.78199768066406","78.78199768066406","78.78199768066406","78.78199768066406","78.78199768066406","77.73100280761719","77.73100280761719","77.73100280761719","79.0250015258789","79.0250015258789","79.0250015258789"
"71992","77.18699645996094","77.18699645996094","77.18699645996094","77.18699645996094","77.18699645996094","77.18699645996094","78.31800079345703","78.31800079345703","78.31800079345703","77.86900329589844","77.86900329589844","77.86900329589844"
"79991","78.37000274658203","78.37000274658203","78.37000274658203","78.37000274658203","78.37000274658203","78.37000274658203","78.6709976196289","78.6709976196289","78.6709976196289","79.28500366210938","79.28500366210938","79.28500366210938"
"87990","77.76499938964844","77.76499938964844","77.76499938964844","78.57499694824219","78.57499694824219","78.57499694824219","77.39299774169922","77.39299774169922","77.39299774169922","77.78700256347656","77.78700256347656","77.78700256347656"
"95989","80.51100158691406","80.51100158691406","80.51100158691406","78.9280014038086","78.9280014038086","78.9280014038086","79.27400207519531","79.27400207519531","79.27400207519531","79.12899780273438","79.12899780273438","79.12899780273438"
"103988","78.73300170898438","78.73300170898438","78.73300170898438","77.56099700927734","77.56099700927734","77.56099700927734","77.65899658203125","77.65899658203125","77.65899658203125","79.02300262451172","79.02300262451172","79.02300262451172"
"111987","78.56700134277344","78.56700134277344","78.56700134277344","78.23300170898438","78.23300170898438","78.23300170898438","78.99600219726562","78.99600219726562","78.99600219726562","80.31700134277344","80.31700134277344","80.31700134277344"
"119986","79.5999984741211","79.5999984741211","79.5999984741211","79","79","79","78.48300170898438","78.48300170898438","78.48300170898438","79.39199829101562","79.39199829101562","79.39199829101562"
"127985","79.197998046875","79.197998046875","79.197998046875","78.05999755859375","78.05999755859375","78.05999755859375","78.82599639892578","78.82599639892578","78.82599639892578","79.88200378417969","79.88200378417969","79.88200378417969"
"135984","79.58000183105469","79.58000183105469","79.58000183105469","78.68099975585938","78.68099975585938","78.68099975585938","77.8759994506836","77.8759994506836","77.8759994506836","79.24500274658203","79.24500274658203","79.24500274658203"
"143983","78.76899719238281","78.76899719238281","78.76899719238281","77.57099914550781","77.57099914550781","77.57099914550781","78.91500091552734","78.91500091552734","78.91500091552734","80.0270004272461","80.0270004272461","80.0270004272461"
"151982","78.8740005493164","78.8740005493164","78.8740005493164","77.77999877929688","77.77999877929688","77.77999877929688","78.23699951171875","78.23699951171875","78.23699951171875","79.02200317382812","79.02200317382812","79.02200317382812"
"159981","79.06400299072266","79.06400299072266","79.06400299072266","78.58999633789062","78.58999633789062","78.58999633789062","77.39399719238281","77.39399719238281","77.39399719238281","78.5780029296875","78.5780029296875","78.5780029296875"
"167980","78.49800109863281","78.49800109863281","78.49800109863281","78.80799865722656","78.80799865722656","78.80799865722656","78.64199829101562","78.64199829101562","78.64199829101562","80.71199798583984","80.71199798583984","80.71199798583984"
"175979","80.78800201416016","80.78800201416016","80.78800201416016","80.37999725341797","80.37999725341797","80.37999725341797","79.31099700927734","79.31099700927734","79.31099700927734","81.28199768066406","81.28199768066406","81.28199768066406"
"183978","79.7969970703125","79.7969970703125","79.7969970703125","79.4520034790039","79.4520034790039","79.4520034790039","77.12100219726562","77.12100219726562","77.12100219726562","80.81300354003906","80.81300354003906","80.81300354003906"
"191977","80.08999633789062","80.08999633789062","80.08999633789062","79.91400146484375","79.91400146484375","79.91400146484375","77.3270034790039","77.3270034790039","77.3270034790039","80.93000030517578","80.93000030517578","80.93000030517578"
"199976","79.88999938964844","79.88999938964844","79.88999938964844","80.30400085449219","80.30400085449219","80.30400085449219","78.38500213623047","78.38500213623047","78.38500213623047","81.53500366210938","81.53500366210938","81.53500366210938"
"207975","79.78700256347656","79.78700256347656","79.78700256347656","79.2239990234375","79.2239990234375","79.2239990234375","77.33499908447266","77.33499908447266","77.33499908447266","81.4990005493164","81.4990005493164","81.4990005493164"
"215974","79.43000030517578","79.43000030517578","79.43000030517578","79.12899780273438","79.12899780273438","79.12899780273438","78.3550033569336","78.3550033569336","78.3550033569336","80.84600067138672","80.84600067138672","80.84600067138672"
"223973","80.54100036621094","80.54100036621094","80.54100036621094","79.7509994506836","79.7509994506836","79.7509994506836","77.62200164794922","77.62200164794922","77.62200164794922","82.55899810791016","82.55899810791016","82.55899810791016"
"231972","78.91400146484375","78.91400146484375","78.91400146484375","78.78099822998047","78.78099822998047","78.78099822998047","77.47699737548828","77.47699737548828","77.47699737548828","82.35399627685547","82.35399627685547","82.35399627685547"
"239971","81.2040023803711","81.2040023803711","81.2040023803711","80.03500366210938","80.03500366210938","80.03500366210938","79.52799987792969","79.52799987792969","79.52799987792969","81.00800323486328","81.00800323486328","81.00800323486328"
"247970","81.50299835205078","81.50299835205078","81.50299835205078","80.50599670410156","80.50599670410156","80.50599670410156","78.86699676513672","78.86699676513672","78.86699676513672","79.52400207519531","79.52400207519531","79.52400207519531"
"255969","80.33599853515625","80.33599853515625","80.33599853515625","79.52899932861328","79.52899932861328","79.52899932861328","78.93000030517578","78.93000030517578","78.93000030517578","81.49299621582031","81.49299621582031","81.49299621582031"
"263968","80.2509994506836","80.2509994506836","80.2509994506836","80.01899719238281","80.01899719238281","80.01899719238281","78.34600067138672","78.34600067138672","78.34600067138672","81.3489990234375","81.3489990234375","81.3489990234375"
"271967","79.6050033569336","79.6050033569336","79.6050033569336","78.53800201416016","78.53800201416016","78.53800201416016","77.70800018310547","77.70800018310547","77.70800018310547","81.33000183105469","81.33000183105469","81.33000183105469"
"279966","80.50499725341797","80.50499725341797","80.50499725341797","79.6709976196289","79.6709976196289","79.6709976196289","78.52999877929688","78.52999877929688","78.52999877929688","81.14199829101562","81.14199829101562","81.14199829101562"
"287965","80.12699890136719","80.12699890136719","80.12699890136719","78.17400360107422","78.17400360107422","78.17400360107422","78.44499969482422","78.44499969482422","78.44499969482422","81.18599700927734","81.18599700927734","81.18599700927734"
"295964","80.83200073242188","80.83200073242188","80.83200073242188","80.02100372314453","80.02100372314453","80.02100372314453","78.12799835205078","78.12799835205078","78.12799835205078","80.93099975585938","80.93099975585938","80.93099975585938"
"303963","80.79399871826172","80.79399871826172","80.79399871826172","79.10399627685547","79.10399627685547","79.10399627685547","78.13500213623047","78.13500213623047","78.13500213623047","81.39900207519531","81.39900207519531","81.39900207519531"
"311962","80.00800323486328","80.00800323486328","80.00800323486328","78.36499786376953","78.36499786376953","78.36499786376953","77.69200134277344","77.69200134277344","77.69200134277344","80.34700012207031","80.34700012207031","80.34700012207031"
"319961","79.89600372314453","79.89600372314453","79.89600372314453","78.6969985961914","78.6969985961914","78.6969985961914","77.87000274658203","77.87000274658203","77.87000274658203","81.5979995727539","81.5979995727539","81.5979995727539"
"327960","81.15499877929688","81.15499877929688","81.15499877929688","80.28600311279297","80.28600311279297","80.28600311279297","78.16000366210938","78.16000366210938","78.16000366210938","81.10800170898438","81.10800170898438","81.10800170898438"
"335959","81.33399963378906","81.33399963378906","81.33399963378906","79.52999877929688","79.52999877929688","79.52999877929688","79.21800231933594","79.21800231933594","79.21800231933594","80.7699966430664","80.7699966430664","80.7699966430664"
"343958","79.75199890136719","79.75199890136719","79.75199890136719","78.5009994506836","78.5009994506836","78.5009994506836","76.51599884033203","76.51599884033203","76.51599884033203","81.36100006103516","81.36100006103516","81.36100006103516"
"351957","80.822998046875","80.822998046875","80.822998046875","79.75700378417969","79.75700378417969","79.75700378417969","79.29399871826172","79.29399871826172","79.29399871826172","81.40699768066406","81.40699768066406","81.40699768066406"
"359956","81.8270034790039","81.8270034790039","81.8270034790039","79.61499786376953","79.61499786376953","79.61499786376953","79.56199645996094","79.56199645996094","79.56199645996094","81.55799865722656","81.55799865722656","81.55799865722656"
"367955","81.10399627685547","81.10399627685547","81.10399627685547","78.46900177001953","78.46900177001953","78.46900177001953","78.58000183105469","78.58000183105469","78.58000183105469","80.98300170898438","80.98300170898438","80.98300170898438"
"375954","80.44400024414062","80.44400024414062","80.44400024414062","78.54399871826172","78.54399871826172","78.54399871826172","79.26000213623047","79.26000213623047","79.26000213623047","80.54100036621094","80.54100036621094","80.54100036621094"
"383953","80.62100219726562","80.62100219726562","80.62100219726562","78.02400207519531","78.02400207519531","78.02400207519531","78.72000122070312","78.72000122070312","78.72000122070312","81.77899932861328","81.77899932861328","81.77899932861328"
"391952","81.97200012207031","81.97200012207031","81.97200012207031","80.3030014038086","80.3030014038086","80.3030014038086","80.69100189208984","80.69100189208984","80.69100189208984","80.58300018310547","80.58300018310547","80.58300018310547"
"399951","81.18299865722656","81.18299865722656","81.18299865722656","79.77100372314453","79.77100372314453","79.77100372314453","80.65499877929688","80.65499877929688","80.65499877929688","80.7020034790039","80.7020034790039","80.7020034790039"
"407950","81.5459976196289","81.5459976196289","81.5459976196289","81.11699676513672","81.11699676513672","81.11699676513672","80.0989990234375","80.0989990234375","80.0989990234375","82.5530014038086","82.5530014038086","82.5530014038086"
"415949","80.88099670410156","80.88099670410156","80.88099670410156","79.71199798583984","79.71199798583984","79.71199798583984","80.24600219726562","80.24600219726562","80.24600219726562","81.36499786376953","81.36499786376953","81.36499786376953"
"423948","81.66100311279297","81.66100311279297","81.66100311279297","80.84500122070312","80.84500122070312","80.84500122070312","80.90499877929688","80.90499877929688","80.90499877929688","81.5009994506836","81.5009994506836","81.5009994506836"
"431947","80.6709976196289","80.6709976196289","80.6709976196289","80.66000366210938","80.66000366210938","80.66000366210938","78.9229965209961","78.9229965209961","78.9229965209961","81.48600006103516","81.48600006103516","81.48600006103516"
"439946","82.19599914550781","82.19599914550781","82.19599914550781","82.13899993896484","82.13899993896484","82.13899993896484","79.81600189208984","79.81600189208984","79.81600189208984","81.28299713134766","81.28299713134766","81.28299713134766"
"447945","81.39299774169922","81.39299774169922","81.39299774169922","81.81700134277344","81.81700134277344","81.81700134277344","80.71800231933594","80.71800231933594","80.71800231933594","82.73600006103516","82.73600006103516","82.73600006103516"
"455944","81.21800231933594","81.21800231933594","81.21800231933594","81.38899993896484","81.38899993896484","81.38899993896484","80.59500122070312","80.59500122070312","80.59500122070312","81.04399871826172","81.04399871826172","81.04399871826172"
"463943","80.5989990234375","80.5989990234375","80.5989990234375","80.21499633789062","80.21499633789062","80.21499633789062","79.61399841308594","79.61399841308594","79.61399841308594","82.15699768066406","82.15699768066406","82.15699768066406"
"471942","81.46299743652344","81.46299743652344","81.46299743652344","80.65499877929688","80.65499877929688","80.65499877929688","80.04499816894531","80.04499816894531","80.04499816894531","82.4469985961914","82.4469985961914","82.4469985961914"
"479941","80.4729995727539","80.4729995727539","80.4729995727539","80.2249984741211","80.2249984741211","80.2249984741211","79.81300354003906","79.81300354003906","79.81300354003906","81.83200073242188","81.83200073242188","81.83200073242188"
"487940","79.84600067138672","79.84600067138672","79.84600067138672","80.11699676513672","80.11699676513672","80.11699676513672","79.76399993896484","79.76399993896484","79.76399993896484","81.76000213623047","81.76000213623047","81.76000213623047"
"495939","81.51899719238281","81.51899719238281","81.51899719238281","80.6520004272461","80.6520004272461","80.6520004272461","79.77300262451172","79.77300262451172","79.77300262451172","80.7490005493164","80.7490005493164","80.7490005493164"
"503938","80.5199966430664","80.5199966430664","80.5199966430664","81.18000030517578","81.18000030517578","81.18000030517578","80.07599639892578","80.07599639892578","80.07599639892578","80.70899963378906","80.70899963378906","80.70899963378906"
"511937","81.37200164794922","81.37200164794922","81.37200164794922","81.93499755859375","81.93499755859375","81.93499755859375","81.1449966430664","81.1449966430664","81.1449966430664","82.58799743652344","82.58799743652344","82.58799743652344"
"519936","79.73400115966797","79.73400115966797","79.73400115966797","81.21800231933594","81.21800231933594","81.21800231933594","80.42400360107422","80.42400360107422","80.42400360107422","81.0250015258789","81.0250015258789","81.0250015258789"
"527935","81.36199951171875","81.36199951171875","81.36199951171875","81.6989974975586","81.6989974975586","81.6989974975586","79.6969985961914","79.6969985961914","79.6969985961914","81.45899963378906","81.45899963378906","81.45899963378906"
"535934","81.9800033569336","81.9800033569336","81.9800033569336","81.40399932861328","81.40399932861328","81.40399932861328","81.177001953125","81.177001953125","81.177001953125","81.6050033569336","81.6050033569336","81.6050033569336"
"543933","81.9469985961914","81.9469985961914","81.9469985961914","81.95899963378906","81.95899963378906","81.95899963378906","80.41699981689453","80.41699981689453","80.41699981689453","81.76899719238281","81.76899719238281","81.76899719238281"
"551932","81.08399963378906","81.08399963378906","81.08399963378906","81.35900115966797","81.35900115966797","81.35900115966797","80.0250015258789","80.0250015258789","80.0250015258789","81.14800262451172","81.14800262451172","81.14800262451172"
"559931","81.68699645996094","81.68699645996094","81.68699645996094","81.05000305175781","81.05000305175781","81.05000305175781","80.54499816894531","80.54499816894531","80.54499816894531","81.79199981689453","81.79199981689453","81.79199981689453"
"567930","79.88899993896484","79.88899993896484","79.88899993896484","80.34400177001953","80.34400177001953","80.34400177001953","79.76000213623047","79.76000213623047","79.76000213623047","80.88700103759766","80.88700103759766","80.88700103759766"
"575929","80.55699920654297","80.55699920654297","80.55699920654297","80.30999755859375","80.30999755859375","80.30999755859375","79.927001953125","79.927001953125","79.927001953125","80.67500305175781","80.67500305175781","80.67500305175781"
"583928","81.16999816894531","81.16999816894531","81.16999816894531","80.24500274658203","80.24500274658203","80.24500274658203","81.4520034790039","81.4520034790039","81.4520034790039","81.35099792480469","81.35099792480469","81.35099792480469"
"591927","80.40899658203125","80.40899658203125","80.40899658203125","80.29100036621094","80.29100036621094","80.29100036621094","80.16000366210938","80.16000366210938","80.16000366210938","81.10700225830078","81.10700225830078","81.10700225830078"
"599926","79.66799926757812","79.66799926757812","79.66799926757812","80.55699920654297","80.55699920654297","80.55699920654297","80.51699829101562","80.51699829101562","80.51699829101562","80.21700286865234","80.21700286865234","80.21700286865234"
"607925","80.66300201416016","80.66300201416016","80.66300201416016","81.02999877929688","81.02999877929688","81.02999877929688","80.84400177001953","80.84400177001953","80.84400177001953","81.45800018310547","81.45800018310547","81.45800018310547"
"615924","80.6729965209961","80.6729965209961","80.6729965209961","80.46099853515625","80.46099853515625","80.46099853515625","80.97000122070312","80.97000122070312","80.97000122070312","81.53700256347656","81.53700256347656","81.53700256347656"
"623923","81.3550033569336","81.3550033569336","81.3550033569336","81.29299926757812","81.29299926757812","81.29299926757812","80.91899871826172","80.91899871826172","80.91899871826172","81.572998046875","81.572998046875","81.572998046875"
"631922","81.88500213623047","81.88500213623047","81.88500213623047","81.35700225830078","81.35700225830078","81.35700225830078","81.27100372314453","81.27100372314453","81.27100372314453","80.7750015258789","80.7750015258789","80.7750015258789"
"639921","81.67900085449219","81.67900085449219","81.67900085449219","82.10700225830078","82.10700225830078","82.10700225830078","81.0979995727539","81.0979995727539","81.0979995727539","80.25700378417969","80.25700378417969","80.25700378417969"
"647920","80.61599731445312","80.61599731445312","80.61599731445312","79.57499694824219","79.57499694824219","79.57499694824219","79.65299987792969","79.65299987792969","79.65299987792969","80.03700256347656","80.03700256347656","80.03700256347656"
"655919","81.07599639892578","81.07599639892578","81.07599639892578","80.43800354003906","80.43800354003906","80.43800354003906","80.02200317382812","80.02200317382812","80.02200317382812","80.5510025024414","80.5510025024414","80.5510025024414"
"663918","80.77200317382812","80.77200317382812","80.77200317382812","81.69300079345703","81.69300079345703","81.69300079345703","81.75700378417969","81.75700378417969","81.75700378417969","82.06199645996094","82.06199645996094","82.06199645996094"
"671917","82.30999755859375","82.30999755859375","82.30999755859375","81.56099700927734","81.56099700927734","81.56099700927734","81.447998046875","81.447998046875","81.447998046875","82.14299774169922","82.14299774169922","82.14299774169922"
"679916","82.33999633789062","82.33999633789062","82.33999633789062","81.93800354003906","81.93800354003906","81.93800354003906","81.60099792480469","81.60099792480469","81.60099792480469","81.8010025024414","81.8010025024414","81.8010025024414"
"687915","82.03900146484375","82.03900146484375","82.03900146484375","81.41999816894531","81.41999816894531","81.41999816894531","81.11900329589844","81.11900329589844","81.11900329589844","80.76699829101562","80.76699829101562","80.76699829101562"
"695914","79.8219985961914","79.8219985961914","79.8219985961914","81.05899810791016","81.05899810791016","81.05899810791016","79.58000183105469","79.58000183105469","79.58000183105469","82.30999755859375","82.30999755859375","82.30999755859375"
"703913","81.61699676513672","81.61699676513672","81.61699676513672","81.39800262451172","81.39800262451172","81.39800262451172","80.60299682617188","80.60299682617188","80.60299682617188","82.18199920654297","82.18199920654297","82.18199920654297"
"711912","82.08899688720703","82.08899688720703","82.08899688720703","81.44200134277344","81.44200134277344","81.44200134277344","79.52999877929688","79.52999877929688","79.52999877929688","82.06700134277344","82.06700134277344","82.06700134277344"
"719911","80.28399658203125","80.28399658203125","80.28399658203125","81.06199645996094","81.06199645996094","81.06199645996094","79.30699920654297","79.30699920654297","79.30699920654297","82.65599822998047","82.65599822998047","82.65599822998047"
"727910","81.46099853515625","81.46099853515625","81.46099853515625","81.81199645996094","81.81199645996094","81.81199645996094","82.48400115966797","82.48400115966797","82.48400115966797","82.57499694824219","82.57499694824219","82.57499694824219"
"735909","81.01200103759766","81.01200103759766","81.01200103759766","81.9749984741211","81.9749984741211","81.9749984741211","82.43800354003906","82.43800354003906","82.43800354003906","81.89600372314453","81.89600372314453","81.89600372314453"
"743908","81.14900207519531","81.14900207519531","81.14900207519531","81.5979995727539","81.5979995727539","81.5979995727539","81.26399993896484","81.26399993896484","81.26399993896484","80.75299835205078","80.75299835205078","80.75299835205078"
"751907","81.03099822998047","81.03099822998047","81.03099822998047","81.43399810791016","81.43399810791016","81.43399810791016","82.36499786376953","82.36499786376953","82.36499786376953","80.75499725341797","80.75499725341797","80.75499725341797"
"759906","81.35900115966797","81.35900115966797","81.35900115966797","81.27899932861328","81.27899932861328","81.27899932861328","81.72000122070312","81.72000122070312","81.72000122070312","81.18699645996094","81.18699645996094","81.18699645996094"
"767905","81.90599822998047","81.90599822998047","81.90599822998047","82.0999984741211","82.0999984741211","82.0999984741211","82.28199768066406","82.28199768066406","82.28199768066406","81.9530029296875","81.9530029296875","81.9530029296875"
"775904","81.09200286865234","81.09200286865234","81.09200286865234","80.96600341796875","80.96600341796875","80.96600341796875","81.302001953125","81.302001953125","81.302001953125","81.9489974975586","81.9489974975586","81.9489974975586"
"783903","80.86499786376953","80.86499786376953","80.86499786376953","80.56900024414062","80.56900024414062","80.56900024414062","81.03500366210938","81.03500366210938","81.03500366210938","82.05699920654297","82.05699920654297","82.05699920654297"
"791902","81.0989990234375","81.0989990234375","81.0989990234375","81.61799621582031","81.61799621582031","81.61799621582031","81.43399810791016","81.43399810791016","81.43399810791016","80.98600006103516","80.98600006103516","80.98600006103516"
"799901","80.23699951171875","80.23699951171875","80.23699951171875","80.81500244140625","80.81500244140625","80.81500244140625","80.96900177001953","80.96900177001953","80.96900177001953","82.39700317382812","82.39700317382812","82.39700317382812"
"807900","80.67900085449219","80.67900085449219","80.67900085449219","80.83499908447266","80.83499908447266","80.83499908447266","82.61399841308594","82.61399841308594","82.61399841308594","81.21399688720703","81.21399688720703","81.21399688720703"
"815899","81.31999969482422","81.31999969482422","81.31999969482422","81.74299621582031","81.74299621582031","81.74299621582031","81.29299926757812","81.29299926757812","81.29299926757812","82.31300354003906","82.31300354003906","82.31300354003906"
"823898","80.65599822998047","80.65599822998047","80.65599822998047","80.51499938964844","80.51499938964844","80.51499938964844","79.822998046875","79.822998046875","79.822998046875","83.18599700927734","83.18599700927734","83.18599700927734"
"831897","80.4020004272461","80.4020004272461","80.4020004272461","81.26399993896484","81.26399993896484","81.26399993896484","81.92400360107422","81.92400360107422","81.92400360107422","81.23600006103516","81.23600006103516","81.23600006103516"
"839896","80.69400024414062","80.69400024414062","80.69400024414062","81.29499816894531","81.29499816894531","81.29499816894531","80.91799926757812","80.91799926757812","80.91799926757812","80.9520034790039","80.9520034790039","80.9520034790039"
"847895","81.60299682617188","81.60299682617188","81.60299682617188","81.51000213623047","81.51000213623047","81.51000213623047","82.98699951171875","82.98699951171875","82.98699951171875","81.65499877929688","81.65499877929688","81.65499877929688"
"855894","80.927001953125","80.927001953125","80.927001953125","81.62999725341797","81.62999725341797","81.62999725341797","81.76300048828125","81.76300048828125","81.76300048828125","81.41000366210938","81.41000366210938","81.41000366210938"
"863893","81.55500030517578","81.55500030517578","81.55500030517578","81.53500366210938","81.53500366210938","81.53500366210938","82.09200286865234","82.09200286865234","82.09200286865234","81.99700164794922","81.99700164794922","81.99700164794922"
"871892","81.02999877929688","81.02999877929688","81.02999877929688","80.81900024414062","80.81900024414062","80.81900024414062","82.29900360107422","82.29900360107422","82.29900360107422","80.31999969482422","80.31999969482422","80.31999969482422"
"879891","80.0999984741211","80.0999984741211","80.0999984741211","80.38300323486328","80.38300323486328","80.38300323486328","80.71800231933594","80.71800231933594","80.71800231933594","81.62899780273438","81.62899780273438","81.62899780273438"
"887890","80.73400115966797","80.73400115966797","80.73400115966797","82.27200317382812","82.27200317382812","82.27200317382812","81.78500366210938","81.78500366210938","81.78500366210938","81.44400024414062","81.44400024414062","81.44400024414062"
"895889","81.50199890136719","81.50199890136719","81.50199890136719","81.5469970703125","81.5469970703125","81.5469970703125","81.1729965209961","81.1729965209961","81.1729965209961","81.97899627685547","81.97899627685547","81.97899627685547"
"903888","80.61100006103516","80.61100006103516","80.61100006103516","80.92900085449219","80.92900085449219","80.92900085449219","80.74099731445312","80.74099731445312","80.74099731445312","81.09700012207031","81.09700012207031","81.09700012207031"
"911887","81.88700103759766","81.88700103759766","81.88700103759766","81.28199768066406","81.28199768066406","81.28199768066406","82.45800018310547","82.45800018310547","82.45800018310547","80.87200164794922","80.87200164794922","80.87200164794922"
"919886","81.04399871826172","81.04399871826172","81.04399871826172","81.05799865722656","81.05799865722656","81.05799865722656","81.43900299072266","81.43900299072266","81.43900299072266","81.8280029296875","81.8280029296875","81.8280029296875"
"927885","82.03099822998047","82.03099822998047","82.03099822998047","81.38600158691406","81.38600158691406","81.38600158691406","81.2509994506836","81.2509994506836","81.2509994506836","80.18699645996094","80.18699645996094","80.18699645996094"
"935884","81.16100311279297","81.16100311279297","81.16100311279297","80.81199645996094","80.81199645996094","80.81199645996094","81.9520034790039","81.9520034790039","81.9520034790039","81.2300033569336","81.2300033569336","81.2300033569336"
"943883","80.41500091552734","80.41500091552734","80.41500091552734","81.20099639892578","81.20099639892578","81.20099639892578","81.58300018310547","81.58300018310547","81.58300018310547","81.31199645996094","81.31199645996094","81.31199645996094"
"951882","81.29100036621094","81.29100036621094","81.29100036621094","81.02899932861328","81.02899932861328","81.02899932861328","81.2020034790039","81.2020034790039","81.2020034790039","82.86199951171875","82.86199951171875","82.86199951171875"
"959881","81.9990005493164","81.9990005493164","81.9990005493164","79.95800018310547","79.95800018310547","79.95800018310547","80.5199966430664","80.5199966430664","80.5199966430664","82.78500366210938","82.78500366210938","82.78500366210938"
"967880","81.23699951171875","81.23699951171875","81.23699951171875","81.62699890136719","81.62699890136719","81.62699890136719","81.76100158691406","81.76100158691406","81.76100158691406","81.37100219726562","81.37100219726562","81.37100219726562"
"975879","79.41699981689453","79.41699981689453","79.41699981689453","79.97699737548828","79.97699737548828","79.97699737548828","80.21700286865234","80.21700286865234","80.21700286865234","80.89700317382812","80.89700317382812","80.89700317382812"
"983878","80.33499908447266","80.33499908447266","80.33499908447266","81.95099639892578","81.95099639892578","81.95099639892578","81.32499694824219","81.32499694824219","81.32499694824219","81.09400177001953","81.09400177001953","81.09400177001953"
"991877","80.86299896240234","80.86299896240234","80.86299896240234","81.55400085449219","81.55400085449219","81.55400085449219","80.77400207519531","80.77400207519531","80.77400207519531","81.75299835205078","81.75299835205078","81.75299835205078"
"999876","80.56600189208984","80.56600189208984","80.56600189208984","81.7969970703125","81.7969970703125","81.7969970703125","81.8270034790039","81.8270034790039","81.8270034790039","80.2249984741211","80.2249984741211","80.2249984741211"
"1007875","81.13400268554688","81.13400268554688","81.13400268554688","80.4520034790039","80.4520034790039","80.4520034790039","81.71499633789062","81.71499633789062","81.71499633789062","81.91699981689453","81.91699981689453","81.91699981689453"
"1015874","81.9540023803711","81.9540023803711","81.9540023803711","81.78800201416016","81.78800201416016","81.78800201416016","82.33999633789062","82.33999633789062","82.33999633789062","80.80999755859375","80.80999755859375","80.80999755859375"
"1023873","82.33899688720703","82.33899688720703","82.33899688720703","82.62699890136719","82.62699890136719","82.62699890136719","83.65599822998047","83.65599822998047","83.65599822998047","81.01599884033203","81.01599884033203","81.01599884033203"
"1031872","80.68599700927734","80.68599700927734","80.68599700927734","81.34400177001953","81.34400177001953","81.34400177001953","82.13800048828125","82.13800048828125","82.13800048828125","80.91999816894531","80.91999816894531","80.91999816894531"
"1039871","80.6709976196289","80.6709976196289","80.6709976196289","81.67400360107422","81.67400360107422","81.67400360107422","79.83300018310547","79.83300018310547","79.83300018310547","80.875","80.875","80.875"
"1047870","80.13099670410156","80.13099670410156","80.13099670410156","81.21199798583984","81.21199798583984","81.21199798583984","81.7040023803711","81.7040023803711","81.7040023803711","80.34300231933594","80.34300231933594","80.34300231933594"
"1055869","80.78800201416016","80.78800201416016","80.78800201416016","82.06400299072266","82.06400299072266","82.06400299072266","81.13899993896484","81.13899993896484","81.13899993896484","79.85399627685547","79.85399627685547","79.85399627685547"
"1063868","81.58599853515625","81.58599853515625","81.58599853515625","81.01300048828125","81.01300048828125","81.01300048828125","81.36000061035156","81.36000061035156","81.36000061035156","81.40499877929688","81.40499877929688","81.40499877929688"
"1071867","81.88400268554688","81.88400268554688","81.88400268554688","81.8479995727539","81.8479995727539","81.8479995727539","80.65399932861328","80.65399932861328","80.65399932861328","81.63300323486328","81.63300323486328","81.63300323486328"
"1079866","81.33200073242188","81.33200073242188","81.33200073242188","81.36399841308594","81.36399841308594","81.36399841308594","80.37899780273438","80.37899780273438","80.37899780273438","81.94999694824219","81.94999694824219","81.94999694824219"
"1087865","80.49500274658203","80.49500274658203","80.49500274658203","80.60700225830078","80.60700225830078","80.60700225830078","81.41000366210938","81.41000366210938","81.41000366210938","81.20800018310547","81.20800018310547","81.20800018310547"
"1095864","82.052001953125","82.052001953125","82.052001953125","81.61499786376953","81.61499786376953","81.61499786376953","80.93000030517578","80.93000030517578","80.93000030517578","81.22699737548828","81.22699737548828","81.22699737548828"
"1103863","81.47799682617188","81.47799682617188","81.47799682617188","80.75700378417969","80.75700378417969","80.75700378417969","80.73200225830078","80.73200225830078","80.73200225830078","80.32099914550781","80.32099914550781","80.32099914550781"
"1111862","82.19400024414062","82.19400024414062","82.19400024414062","82.7239990234375","82.7239990234375","82.7239990234375","80.552001953125","80.552001953125","80.552001953125","80.83799743652344","80.83799743652344","80.83799743652344"
"1119861","81.0479965209961","81.0479965209961","81.0479965209961","82.06600189208984","82.06600189208984","82.06600189208984","81.77799987792969","81.77799987792969","81.77799987792969","80.45999908447266","80.45999908447266","80.45999908447266"
"1127860","80.95999908447266","80.95999908447266","80.95999908447266","81.80699920654297","81.80699920654297","81.80699920654297","81.42900085449219","81.42900085449219","81.42900085449219","81.98200225830078","81.98200225830078","81.98200225830078"
"1135859","80.85199737548828","80.85199737548828","80.85199737548828","80.39099884033203","80.39099884033203","80.39099884033203","80.4729995727539","80.4729995727539","80.4729995727539","81.73799896240234","81.73799896240234","81.73799896240234"
"1143858","81.93000030517578","81.93000030517578","81.93000030517578","82.06800079345703","82.06800079345703","82.06800079345703","81.94200134277344","81.94200134277344","81.94200134277344","80.08799743652344","80.08799743652344","80.08799743652344"
"1151857","80.38800048828125","80.38800048828125","80.38800048828125","81.89600372314453","81.89600372314453","81.89600372314453","81.11699676513672","81.11699676513672","81.11699676513672","82.26699829101562","82.26699829101562","82.26699829101562"
"1159856","81.64800262451172","81.64800262451172","81.64800262451172","82.06600189208984","82.06600189208984","82.06600189208984","81.16000366210938","81.16000366210938","81.16000366210938","81.35199737548828","81.35199737548828","81.35199737548828"
"1167855","82.05599975585938","82.05599975585938","82.05599975585938","81.9489974975586","81.9489974975586","81.9489974975586","81.09100341796875","81.09100341796875","81.09100341796875","81.76200103759766","81.76200103759766","81.76200103759766"
"1175854","81.35099792480469","81.35099792480469","81.35099792480469","81.55999755859375","81.55999755859375","81.55999755859375","80.09400177001953","80.09400177001953","80.09400177001953","80.48899841308594","80.48899841308594","80.48899841308594"
"1183853","80.052001953125","80.052001953125","80.052001953125","81.55000305175781","81.55000305175781","81.55000305175781","81.12899780273438","81.12899780273438","81.12899780273438","81.44100189208984","81.44100189208984","81.44100189208984"
"1191852","82.33100128173828","82.33100128173828","82.33100128173828","81.98300170898438","81.98300170898438","81.98300170898438","81.05699920654297","81.05699920654297","81.05699920654297","81.50700378417969","81.50700378417969","81.50700378417969"
"1199851","81.22799682617188","81.22799682617188","81.22799682617188","82.02100372314453","82.02100372314453","82.02100372314453","81.19599914550781","81.19599914550781","81.19599914550781","81.6709976196289","81.6709976196289","81.6709976196289"
"1207850","81.14299774169922","81.14299774169922","81.14299774169922","80.71199798583984","80.71199798583984","80.71199798583984","81.41200256347656","81.41200256347656","81.41200256347656","82.23200225830078","82.23200225830078","82.23200225830078"
"1215849","79.98600006103516","79.98600006103516","79.98600006103516","82.15599822998047","82.15599822998047","82.15599822998047","80.73100280761719","80.73100280761719","80.73100280761719","81.25499725341797","81.25499725341797","81.25499725341797"
"1223848","82.46499633789062","82.46499633789062","82.46499633789062","81.78099822998047","81.78099822998047","81.78099822998047","82.68199920654297","82.68199920654297","82.68199920654297","80.36000061035156","80.36000061035156","80.36000061035156"
"1231847","81.49299621582031","81.49299621582031","81.49299621582031","82.0999984741211","82.0999984741211","82.0999984741211","83.35099792480469","83.35099792480469","83.35099792480469","81.75900268554688","81.75900268554688","81.75900268554688"
"1239846","80.125","80.125","80.125","81.53600311279297","81.53600311279297","81.53600311279297","80.8219985961914","80.8219985961914","80.8219985961914","81.29000091552734","81.29000091552734","81.29000091552734"
"1247845","81.27100372314453","81.27100372314453","81.27100372314453","81.85099792480469","81.85099792480469","81.85099792480469","81.50900268554688","81.50900268554688","81.50900268554688","80.5790023803711","80.5790023803711","80.5790023803711"
"1255844","82.06400299072266","82.06400299072266","82.06400299072266","82.78500366210938","82.78500366210938","82.78500366210938","82.00299835205078","82.00299835205078","82.00299835205078","80.87100219726562","80.87100219726562","80.87100219726562"
"1263843","81.7300033569336","81.7300033569336","81.7300033569336","81.45099639892578","81.45099639892578","81.45099639892578","81.11699676513672","81.11699676513672","81.11699676513672","80.8010025024414","80.8010025024414","80.8010025024414"
"1271842","81.44999694824219","81.44999694824219","81.44999694824219","82.1709976196289","82.1709976196289","82.1709976196289","81.35399627685547","81.35399627685547","81.35399627685547","81.18900299072266","81.18900299072266","81.18900299072266"
"1279841","81.54900360107422","81.54900360107422","81.54900360107422","81.34400177001953","81.34400177001953","81.34400177001953","81.62300109863281","81.62300109863281","81.62300109863281","81.46499633789062","81.46499633789062","81.46499633789062"
"1287840","80.72200012207031","80.72200012207031","80.72200012207031","80.53199768066406","80.53199768066406","80.53199768066406","81.4530029296875","81.4530029296875","81.4530029296875","81.51499938964844","81.51499938964844","81.51499938964844"
"1295839","80.83799743652344","80.83799743652344","80.83799743652344","81.23300170898438","81.23300170898438","81.23300170898438","80.63600158691406","80.63600158691406","80.63600158691406","81.5510025024414","81.5510025024414","81.5510025024414"
"1303838","80.98500061035156","80.98500061035156","80.98500061035156","81.40799713134766","81.40799713134766","81.40799713134766","80.94300079345703","80.94300079345703","80.94300079345703","81.44400024414062","81.44400024414062","81.44400024414062"
"1311837","81.47599792480469","81.47599792480469","81.47599792480469","81.8740005493164","81.8740005493164","81.8740005493164","81.63999938964844","81.63999938964844","81.63999938964844","80.90799713134766","80.90799713134766","80.90799713134766"
"1319836","80.65399932861328","80.65399932861328","80.65399932861328","81.40899658203125","81.40899658203125","81.40899658203125","80.802001953125","80.802001953125","80.802001953125","82.02400207519531","82.02400207519531","82.02400207519531"
"1327835","82.03900146484375","82.03900146484375","82.03900146484375","81.18000030517578","81.18000030517578","81.18000030517578","81.77400207519531","81.77400207519531","81.77400207519531","80.91300201416016","80.91300201416016","80.91300201416016"
"1335834","81.71199798583984","81.71199798583984","81.71199798583984","81.60800170898438","81.60800170898438","81.60800170898438","80.63300323486328","80.63300323486328","80.63300323486328","81.52300262451172","81.52300262451172","81.52300262451172"
"1343833","81.06500244140625","81.06500244140625","81.06500244140625","80.85600280761719","80.85600280761719","80.85600280761719","80.71600341796875","80.71600341796875","80.71600341796875","81.15499877929688","81.15499877929688","81.15499877929688"
"1351832","80.14299774169922","80.14299774169922","80.14299774169922","80.75900268554688","80.75900268554688","80.75900268554688","80.00900268554688","80.00900268554688","80.00900268554688","81.02300262451172","81.02300262451172","81.02300262451172"
"1359831","80.65299987792969","80.65299987792969","80.65299987792969","81.13300323486328","81.13300323486328","81.13300323486328","81.29499816894531","81.29499816894531","81.29499816894531","81.14299774169922","81.14299774169922","81.14299774169922"
"1367830","81.11100006103516","81.11100006103516","81.11100006103516","82.24500274658203","82.24500274658203","82.24500274658203","81.70899963378906","81.70899963378906","81.70899963378906","81.77100372314453","81.77100372314453","81.77100372314453"
"1375829","80.80999755859375","80.80999755859375","80.80999755859375","80.30799865722656","80.30799865722656","80.30799865722656","80.21099853515625","80.21099853515625","80.21099853515625","81.90899658203125","81.90899658203125","81.90899658203125"
"1383828","81.1719970703125","81.1719970703125","81.1719970703125","81.16200256347656","81.16200256347656","81.16200256347656","80.12799835205078","80.12799835205078","80.12799835205078","81.5770034790039","81.5770034790039","81.5770034790039"
"1391827","80.52100372314453","80.52100372314453","80.52100372314453","81.22000122070312","81.22000122070312","81.22000122070312","80.9010009765625","80.9010009765625","80.9010009765625","80.80599975585938","80.80599975585938","80.80599975585938"
"1399826","81.21800231933594","81.21800231933594","81.21800231933594","82.60199737548828","82.60199737548828","82.60199737548828","81.92400360107422","81.92400360107422","81.92400360107422","80.9209976196289","80.9209976196289","80.9209976196289"
"1407825","81.53800201416016","81.53800201416016","81.53800201416016","81.60199737548828","81.60199737548828","81.60199737548828","80.96499633789062","80.96499633789062","80.96499633789062","80.38400268554688","80.38400268554688","80.38400268554688"
"1415824","80.36299896240234","80.36299896240234","80.36299896240234","81.20600128173828","81.20600128173828","81.20600128173828","80.41400146484375","80.41400146484375","80.41400146484375","81.71399688720703","81.71399688720703","81.71399688720703"
"1423823","80.89900207519531","80.89900207519531","80.89900207519531","80.74199676513672","80.74199676513672","80.74199676513672","81.04100036621094","81.04100036621094","81.04100036621094","81.125","81.125","81.125"
"1431822","80.89399719238281","80.89399719238281","80.89399719238281","80.53500366210938","80.53500366210938","80.53500366210938","81.01499938964844","81.01499938964844","81.01499938964844","81.31999969482422","81.31999969482422","81.31999969482422"
"1439821","80.8270034790039","80.8270034790039","80.8270034790039","80.45899963378906","80.45899963378906","80.45899963378906","80.93299865722656","80.93299865722656","80.93299865722656","81.55799865722656","81.55799865722656","81.55799865722656"
"1447820","81.91600036621094","81.91600036621094","81.91600036621094","81.79100036621094","81.79100036621094","81.79100036621094","81.32599639892578","81.32599639892578","81.32599639892578","82.33599853515625","82.33599853515625","82.33599853515625"
"1455819","81.20999908447266","81.20999908447266","81.20999908447266","80.66999816894531","80.66999816894531","80.66999816894531","81.125","81.125","81.125","81.08100128173828","81.08100128173828","81.08100128173828"
"1463818","80.74199676513672","80.74199676513672","80.74199676513672","81.13500213623047","81.13500213623047","81.13500213623047","81.17500305175781","81.17500305175781","81.17500305175781","82.11599731445312","82.11599731445312","82.11599731445312"
"1471817","81.14199829101562","81.14199829101562","81.14199829101562","82.20500183105469","82.20500183105469","82.20500183105469","80.71399688720703","80.71399688720703","80.71399688720703","80.052001953125","80.052001953125","80.052001953125"
"1479816","80.22100067138672","80.22100067138672","80.22100067138672","81.59500122070312","81.59500122070312","81.59500122070312","81.64800262451172","81.64800262451172","81.64800262451172","81.38099670410156","81.38099670410156","81.38099670410156"
"1487815","82.2300033569336","82.2300033569336","82.2300033569336","82.01000213623047","82.01000213623047","82.01000213623047","81.08300018310547","81.08300018310547","81.08300018310547","82.05699920654297","82.05699920654297","82.05699920654297"
"1495814","82.37799835205078","82.37799835205078","82.37799835205078","82.2770004272461","82.2770004272461","82.2770004272461","82.62100219726562","82.62100219726562","82.62100219726562","81.96399688720703","81.96399688720703","81.96399688720703"
"1503813","82.26599884033203","82.26599884033203","82.26599884033203","81.7760009765625","81.7760009765625","81.7760009765625","82.68099975585938","82.68099975585938","82.68099975585938","81.48899841308594","81.48899841308594","81.48899841308594"
"1511812","80.69599914550781","80.69599914550781","80.69599914550781","82.15499877929688","82.15499877929688","82.15499877929688","80.78299713134766","80.78299713134766","80.78299713134766","81.62999725341797","81.62999725341797","81.62999725341797"
"1519811","80.5739974975586","80.5739974975586","80.5739974975586","82.12699890136719","82.12699890136719","82.12699890136719","80.4749984741211","80.4749984741211","80.4749984741211","80.13600158691406","80.13600158691406","80.13600158691406"
"1527810","82.58200073242188","82.58200073242188","82.58200073242188","81.7750015258789","81.7750015258789","81.7750015258789","82.82099914550781","82.82099914550781","82.82099914550781","81.37899780273438","81.37899780273438","81.37899780273438"
"1535809","80.38600158691406","80.38600158691406","80.38600158691406","81.98799896240234","81.98799896240234","81.98799896240234","81.2490005493164","81.2490005493164","81.2490005493164","81.8489990234375","81.8489990234375","81.8489990234375"
"1543808","81.81900024414062","81.81900024414062","81.81900024414062","82.23400115966797","82.23400115966797","82.23400115966797","80.73999786376953","80.73999786376953","80.73999786376953","80.51000213623047","80.51000213623047","80.51000213623047"
"1551807","81.64199829101562","81.64199829101562","81.64199829101562","80.93599700927734","80.93599700927734","80.93599700927734","80.75599670410156","80.75599670410156","80.75599670410156","80.20700073242188","80.20700073242188","80.20700073242188"
"1559806","81.93099975585938","81.93099975585938","81.93099975585938","80.53500366210938","80.53500366210938","80.53500366210938","81.47599792480469","81.47599792480469","81.47599792480469","81.25199890136719","81.25199890136719","81.25199890136719"
"1567805","81.50900268554688","81.50900268554688","81.50900268554688","82.59200286865234","82.59200286865234","82.59200286865234","82.06700134277344","82.06700134277344","82.06700134277344","80.7979965209961","80.7979965209961","80.7979965209961"
"1575804","80.62699890136719","80.62699890136719","80.62699890136719","81.71199798583984","81.71199798583984","81.71199798583984","80.99700164794922","80.99700164794922","80.99700164794922","81.4260025024414","81.4260025024414","81.4260025024414"
"1583803","81.16500091552734","81.16500091552734","81.16500091552734","81.26599884033203","81.26599884033203","81.26599884033203","80.5979995727539","80.5979995727539","80.5979995727539","80.53299713134766","80.53299713134766","80.53299713134766"
"1591802","79.9800033569336","79.9800033569336","79.9800033569336","80.1520004272461","80.1520004272461","80.1520004272461","79.21900177001953","79.21900177001953","79.21900177001953","80.0790023803711","80.0790023803711","80.0790023803711"
"1599801","81.19999694824219","81.19999694824219","81.19999694824219","82.25","82.25","82.25","81.84500122070312","81.84500122070312","81.84500122070312","","",""
"1607800","81.00399780273438","81.00399780273438","81.00399780273438","83.25900268554688","83.25900268554688","83.25900268554688","81.22100067138672","81.22100067138672","81.22100067138672","","",""
"1615799","81.72899627685547","81.72899627685547","81.72899627685547","80.35700225830078","80.35700225830078","80.35700225830078","81.38300323486328","81.38300323486328","81.38300323486328","","",""
"1623798","82.1989974975586","82.1989974975586","82.1989974975586","81.7760009765625","81.7760009765625","81.7760009765625","81.61699676513672","81.61699676513672","81.61699676513672","","",""
"1631797","80.56400299072266","80.56400299072266","80.56400299072266","80.927001953125","80.927001953125","80.927001953125","79.88099670410156","79.88099670410156","79.88099670410156","","",""
"1639796","81.51100158691406","81.51100158691406","81.51100158691406","81.51100158691406","81.51100158691406","81.51100158691406","80.37799835205078","80.37799835205078","80.37799835205078","","",""
"1647795","79.76200103759766","79.76200103759766","79.76200103759766","80.86799621582031","80.86799621582031","80.86799621582031","80.072998046875","80.072998046875","80.072998046875","","",""
"1655794","80.76300048828125","80.76300048828125","80.76300048828125","80.53099822998047","80.53099822998047","80.53099822998047","81.08399963378906","81.08399963378906","81.08399963378906","","",""
"1663793","80.99199676513672","80.99199676513672","80.99199676513672","80.38500213623047","80.38500213623047","80.38500213623047","82.19499969482422","82.19499969482422","82.19499969482422","","",""
"1671792","80.38999938964844","80.38999938964844","80.38999938964844","82.0459976196289","82.0459976196289","82.0459976196289","81.07599639892578","81.07599639892578","81.07599639892578","","",""
"1679791","81.98600006103516","81.98600006103516","81.98600006103516","82.9209976196289","82.9209976196289","82.9209976196289","82.70800018310547","82.70800018310547","82.70800018310547","","",""
"1687790","81.55799865722656","81.55799865722656","81.55799865722656","81.23300170898438","81.23300170898438","81.23300170898438","81.21399688720703","81.21399688720703","81.21399688720703","","",""
"1695789","81.08599853515625","81.08599853515625","81.08599853515625","81.7760009765625","81.7760009765625","81.7760009765625","80.68000030517578","80.68000030517578","80.68000030517578","","",""
"1703788","81.12999725341797","81.12999725341797","81.12999725341797","81.85099792480469","81.85099792480469","81.85099792480469","80.31400299072266","80.31400299072266","80.31400299072266","","",""
"1711787","80.77100372314453","80.77100372314453","80.77100372314453","79.81500244140625","79.81500244140625","79.81500244140625","81.74400329589844","81.74400329589844","81.74400329589844","","",""
"1719786","80.9749984741211","80.9749984741211","80.9749984741211","81.03800201416016","81.03800201416016","81.03800201416016","80.82599639892578","80.82599639892578","80.82599639892578","","",""
"1727785","81.31300354003906","81.31300354003906","81.31300354003906","81.66899871826172","81.66899871826172","81.66899871826172","80.74500274658203","80.74500274658203","80.74500274658203","","",""
"1735784","80.56999969482422","80.56999969482422","80.56999969482422","80.68199920654297","80.68199920654297","80.68199920654297","80.55899810791016","80.55899810791016","80.55899810791016","","",""
"1743783","81.56500244140625","81.56500244140625","81.56500244140625","82.1760025024414","82.1760025024414","82.1760025024414","81.7300033569336","81.7300033569336","81.7300033569336","","",""
"1751782","80.61699676513672","80.61699676513672","80.61699676513672","82.06900024414062","82.06900024414062","82.06900024414062","81.65499877929688","81.65499877929688","81.65499877929688","","",""
"1759781","81.88600158691406","81.88600158691406","81.88600158691406","82.5510025024414","82.5510025024414","82.5510025024414","82.74700164794922","82.74700164794922","82.74700164794922","","",""
"1767780","80.95500183105469","80.95500183105469","80.95500183105469","82.0260009765625","82.0260009765625","82.0260009765625","80.62200164794922","80.62200164794922","80.62200164794922","","",""
"1775779","80.8030014038086","80.8030014038086","80.8030014038086","80.98899841308594","80.98899841308594","80.98899841308594","81.39700317382812","81.39700317382812","81.39700317382812","","",""
"1783778","81.75","81.75","81.75","81.94999694824219","81.94999694824219","81.94999694824219","80.95099639892578","80.95099639892578","80.95099639892578","","",""
"1791777","82.08699798583984","82.08699798583984","82.08699798583984","81.27999877929688","81.27999877929688","81.27999877929688","80.60099792480469","80.60099792480469","80.60099792480469","","",""
"1799776","81.50800323486328","81.50800323486328","81.50800323486328","81.84600067138672","81.84600067138672","81.84600067138672","81.60399627685547","81.60399627685547","81.60399627685547","","",""
"1807775","82.90399932861328","82.90399932861328","82.90399932861328","81.47000122070312","81.47000122070312","81.47000122070312","81.3479995727539","81.3479995727539","81.3479995727539","","",""
"1815774","81.63300323486328","81.63300323486328","81.63300323486328","81.8479995727539","81.8479995727539","81.8479995727539","82.35299682617188","82.35299682617188","82.35299682617188","","",""
"1823773","80.6989974975586","80.6989974975586","80.6989974975586","82.62699890136719","82.62699890136719","82.62699890136719","83.29299926757812","83.29299926757812","83.29299926757812","","",""
"1831772","80.55500030517578","80.55500030517578","80.55500030517578","82.41699981689453","82.41699981689453","82.41699981689453","82.0009994506836","82.0009994506836","82.0009994506836","","",""
"1839771","80.98699951171875","80.98699951171875","80.98699951171875","81.33200073242188","81.33200073242188","81.33200073242188","81.947998046875","81.947998046875","81.947998046875","","",""
"1847770","81.41300201416016","81.41300201416016","81.41300201416016","82.80799865722656","82.80799865722656","82.80799865722656","81.94400024414062","81.94400024414062","81.94400024414062","","",""
"1855769","81.71499633789062","81.71499633789062","81.71499633789062","81.38899993896484","81.38899993896484","81.38899993896484","81.0479965209961","81.0479965209961","81.0479965209961","","",""
"1863768","81.51699829101562","81.51699829101562","81.51699829101562","81.04199981689453","81.04199981689453","81.04199981689453","81.62899780273438","81.62899780273438","81.62899780273438","","",""
"1871767","81.37799835205078","81.37799835205078","81.37799835205078","81.83300018310547","81.83300018310547","81.83300018310547","81.5739974975586","81.5739974975586","81.5739974975586","","",""
"1879766","81.71499633789062","81.71499633789062","81.71499633789062","82.27999877929688","82.27999877929688","82.27999877929688","81.38300323486328","81.38300323486328","81.38300323486328","","",""
"1887765","82.14299774169922","82.14299774169922","82.14299774169922","81.59100341796875","81.59100341796875","81.59100341796875","80.1510009765625","80.1510009765625","80.1510009765625","","",""
"1895764","81.6729965209961","81.6729965209961","81.6729965209961","81.41899871826172","81.41899871826172","81.41899871826172","80.51100158691406","80.51100158691406","80.51100158691406","","",""
"1903763","82.16500091552734","82.16500091552734","82.16500091552734","82.31099700927734","82.31099700927734","82.31099700927734","82.10199737548828","82.10199737548828","82.10199737548828","","",""
"1911762","79.34700012207031","79.34700012207031","79.34700012207031","81.44100189208984","81.44100189208984","81.44100189208984","80.22699737548828","80.22699737548828","80.22699737548828","","",""
"1919761","81.09400177001953","81.09400177001953","81.09400177001953","80.80500030517578","80.80500030517578","80.80500030517578","81.1240005493164","81.1240005493164","81.1240005493164","","",""
"1927760","80.83899688720703","80.83899688720703","80.83899688720703","81.01000213623047","81.01000213623047","81.01000213623047","79.78399658203125","79.78399658203125","79.78399658203125","","",""
"1935759","81.36699676513672","81.36699676513672","81.36699676513672","82.61399841308594","82.61399841308594","82.61399841308594","80.66200256347656","80.66200256347656","80.66200256347656","","",""
"1943758","81.58699798583984","81.58699798583984","81.58699798583984","82.35299682617188","82.35299682617188","82.35299682617188","80.13999938964844","80.13999938964844","80.13999938964844","","",""
"1951757","80.39900207519531","80.39900207519531","80.39900207519531","81.77400207519531","81.77400207519531","81.77400207519531","79.94999694824219","79.94999694824219","79.94999694824219","","",""
"1959756","80.69599914550781","80.69599914550781","80.69599914550781","81.41400146484375","81.41400146484375","81.41400146484375","79.48200225830078","79.48200225830078","79.48200225830078","","",""
"1967755","79.20700073242188","79.20700073242188","79.20700073242188","81.44300079345703","81.44300079345703","81.44300079345703","80.50599670410156","80.50599670410156","80.50599670410156","","",""
"1975754","80.59100341796875","80.59100341796875","80.59100341796875","81.35900115966797","81.35900115966797","81.35900115966797","79.81900024414062","79.81900024414062","79.81900024414062","","",""
"1983753","81.8479995727539","81.8479995727539","81.8479995727539","82.38300323486328","82.38300323486328","82.38300323486328","82.2959976196289","82.2959976196289","82.2959976196289","","",""
"1991752","81.98799896240234","81.98799896240234","81.98799896240234","81.62100219726562","81.62100219726562","81.62100219726562","81.9739990234375","81.9739990234375","81.9739990234375","","",""
"1999751","81.38200378417969","81.38200378417969","81.38200378417969","81.02999877929688","81.02999877929688","81.02999877929688","81.59500122070312","81.59500122070312","81.59500122070312","","",""
"2007750","81.6719970703125","81.6719970703125","81.6719970703125","80.7030029296875","80.7030029296875","80.7030029296875","79.8479995727539","79.8479995727539","79.8479995727539","","",""
"2015749","80.66699981689453","80.66699981689453","80.66699981689453","82.23300170898438","82.23300170898438","82.23300170898438","80.40599822998047","80.40599822998047","80.40599822998047","","",""
"2023748","80.16799926757812","80.16799926757812","80.16799926757812","81.67900085449219","81.67900085449219","81.67900085449219","80.4000015258789","80.4000015258789","80.4000015258789","","",""
"2031747","80.39900207519531","80.39900207519531","80.39900207519531","82.00800323486328","82.00800323486328","82.00800323486328","80.87699890136719","80.87699890136719","80.87699890136719","","",""
"2039746","82.03900146484375","82.03900146484375","82.03900146484375","81.30000305175781","81.30000305175781","81.30000305175781","80.97100067138672","80.97100067138672","80.97100067138672","","",""
"2047745","81.43099975585938","81.43099975585938","81.43099975585938","80.93900299072266","80.93900299072266","80.93900299072266","81.68800354003906","81.68800354003906","81.68800354003906","","",""
"2055744","82.06600189208984","82.06600189208984","82.06600189208984","82.63300323486328","82.63300323486328","82.63300323486328","81.23999786376953","81.23999786376953","81.23999786376953","","",""
"2063743","81.29399871826172","81.29399871826172","81.29399871826172","81.2239990234375","81.2239990234375","81.2239990234375","80.8219985961914","80.8219985961914","80.8219985961914","","",""
"2071742","80.69499969482422","80.69499969482422","80.69499969482422","82.01300048828125","82.01300048828125","82.01300048828125","79.14600372314453","79.14600372314453","79.14600372314453","","",""
"2079741","80.19499969482422","80.19499969482422","80.19499969482422","81.3239974975586","81.3239974975586","81.3239974975586","81.79299926757812","81.79299926757812","81.79299926757812","","",""
"2087740","80.81700134277344","80.81700134277344","80.81700134277344","81.58000183105469","81.58000183105469","81.58000183105469","80.88300323486328","80.88300323486328","80.88300323486328","","",""
"2095739","80.98200225830078","80.98200225830078","80.98200225830078","80.81199645996094","80.81199645996094","80.81199645996094","81.1989974975586","81.1989974975586","81.1989974975586","","",""
"2103738","81.85399627685547","81.85399627685547","81.85399627685547","80.76899719238281","80.76899719238281","80.76899719238281","83.00599670410156","83.00599670410156","83.00599670410156","","",""
"2111737","80.66799926757812","80.66799926757812","80.66799926757812","81.72100067138672","81.72100067138672","81.72100067138672","81.48100280761719","81.48100280761719","81.48100280761719","","",""
"2119736","81.19100189208984","81.19100189208984","81.19100189208984","80.25800323486328","80.25800323486328","80.25800323486328","81.61199951171875","81.61199951171875","81.61199951171875","","",""
"2127735","81.39600372314453","81.39600372314453","81.39600372314453","81.70099639892578","81.70099639892578","81.70099639892578","81.65699768066406","81.65699768066406","81.65699768066406","","",""
"2135734","80.82499694824219","80.82499694824219","80.82499694824219","81.38400268554688","81.38400268554688","81.38400268554688","80.7979965209961","80.7979965209961","80.7979965209961","","",""
"2143733","80.35900115966797","80.35900115966797","80.35900115966797","81.05799865722656","81.05799865722656","81.05799865722656","80.10199737548828","80.10199737548828","80.10199737548828","","",""
"2151732","79.9729995727539","79.9729995727539","79.9729995727539","80.78500366210938","80.78500366210938","80.78500366210938","80.7300033569336","80.7300033569336","80.7300033569336","","",""
"2159731","80.04199981689453","80.04199981689453","80.04199981689453","83.03500366210938","83.03500366210938","83.03500366210938","82.35199737548828","82.35199737548828","82.35199737548828","","",""
"2167730","78.77799987792969","78.77799987792969","78.77799987792969","81.35900115966797","81.35900115966797","81.35900115966797","80.927001953125","80.927001953125","80.927001953125","","",""
"2175729","80.46199798583984","80.46199798583984","80.46199798583984","81.50499725341797","81.50499725341797","81.50499725341797","81.0469970703125","81.0469970703125","81.0469970703125","","",""
"2183728","80.40699768066406","80.40699768066406","80.40699768066406","81.14099884033203","81.14099884033203","81.14099884033203","80.72100067138672","80.72100067138672","80.72100067138672","","",""
"2191727","80.14099884033203","80.14099884033203","80.14099884033203","81.3239974975586","81.3239974975586","81.3239974975586","80.97100067138672","80.97100067138672","80.97100067138672","","",""
"2199726","81.23600006103516","81.23600006103516","81.23600006103516","82.53700256347656","82.53700256347656","82.53700256347656","81.85299682617188","81.85299682617188","81.85299682617188","","",""
"2207725","80.18299865722656","80.18299865722656","80.18299865722656","79.60900115966797","79.60900115966797","79.60900115966797","80.64900207519531","80.64900207519531","80.64900207519531","","",""
"2215724","80.22699737548828","80.22699737548828","80.22699737548828","80.80500030517578","80.80500030517578","80.80500030517578","80.85299682617188","80.85299682617188","80.85299682617188","","",""
"2223723","80.8740005493164","80.8740005493164","80.8740005493164","81.3219985961914","81.3219985961914","81.3219985961914","80.98400115966797","80.98400115966797","80.98400115966797","","",""
"2231722","80.21499633789062","80.21499633789062","80.21499633789062","81.43199920654297","81.43199920654297","81.43199920654297","81.6500015258789","81.6500015258789","81.6500015258789","","",""
"2239721","80.03600311279297","80.03600311279297","80.03600311279297","80.427001953125","80.427001953125","80.427001953125","81.21099853515625","81.21099853515625","81.21099853515625","","",""
"2247720","81.302001953125","81.302001953125","81.302001953125","80.26200103759766","80.26200103759766","80.26200103759766","82.22200012207031","82.22200012207031","82.22200012207031","","",""
"2255719","79.28199768066406","79.28199768066406","79.28199768066406","80.00299835205078","80.00299835205078","80.00299835205078","80.51100158691406","80.51100158691406","80.51100158691406","","",""
"2263718","80.73799896240234","80.73799896240234","80.73799896240234","81.7249984741211","81.7249984741211","81.7249984741211","81.7249984741211","81.7249984741211","81.7249984741211","","",""
"2271717","80.85700225830078","80.85700225830078","80.85700225830078","80.98899841308594","80.98899841308594","80.98899841308594","81.03299713134766","81.03299713134766","81.03299713134766","","",""
"2279716","80.17900085449219","80.17900085449219","80.17900085449219","79.80000305175781","79.80000305175781","79.80000305175781","79.84500122070312","79.84500122070312","79.84500122070312","","",""
"2287715","80.08000183105469","80.08000183105469","80.08000183105469","80.61299896240234","80.61299896240234","80.61299896240234","80.53299713134766","80.53299713134766","80.53299713134766","","",""
"2295714","81.89900207519531","81.89900207519531","81.89900207519531","80.70600128173828","80.70600128173828","80.70600128173828","80.68399810791016","80.68399810791016","80.68399810791016","","",""
"2303713","81.22799682617188","81.22799682617188","81.22799682617188","81.50900268554688","81.50900268554688","81.50900268554688","81.78700256347656","81.78700256347656","81.78700256347656","","",""
"2311712","81.14600372314453","81.14600372314453","81.14600372314453","81.46199798583984","81.46199798583984","81.46199798583984","81.29299926757812","81.29299926757812","81.29299926757812","","",""
"2319711","81.7490005493164","81.7490005493164","81.7490005493164","81.68499755859375","81.68499755859375","81.68499755859375","81.86000061035156","81.86000061035156","81.86000061035156","","",""
"2327710","82.0009994506836","82.0009994506836","82.0009994506836","80.52899932861328","80.52899932861328","80.52899932861328","80.08599853515625","80.08599853515625","80.08599853515625","","",""
"2335709","81.22599792480469","81.22599792480469","81.22599792480469","79.67400360107422","79.67400360107422","79.67400360107422","80.63899993896484","80.63899993896484","80.63899993896484","","",""
"2343708","81.61100006103516","81.61100006103516","81.61100006103516","79.23300170898438","79.23300170898438","79.23300170898438","81.10199737548828","81.10199737548828","81.10199737548828","","",""
"2351707","82.75599670410156","82.75599670410156","82.75599670410156","82.2239990234375","82.2239990234375","82.2239990234375","80.35700225830078","80.35700225830078","80.35700225830078","","",""
"2359706","81.74600219726562","81.74600219726562","81.74600219726562","80.76899719238281","80.76899719238281","80.76899719238281","81.03700256347656","81.03700256347656","81.03700256347656","","",""
"2367705","80.2979965209961","80.2979965209961","80.2979965209961","80.38999938964844","80.38999938964844","80.38999938964844","80.62999725341797","80.62999725341797","80.62999725341797","","",""
"2375704","81.677001953125","81.677001953125","81.677001953125","81.54499816894531","81.54499816894531","81.54499816894531","81.5989990234375","81.5989990234375","81.5989990234375","","",""
"2383703","81.76000213623047","81.76000213623047","81.76000213623047","80.5739974975586","80.5739974975586","80.5739974975586","80.76200103759766","80.76200103759766","80.76200103759766","","",""
"2391702","81.59200286865234","81.59200286865234","81.59200286865234","81.04299926757812","81.04299926757812","81.04299926757812","80.60399627685547","80.60399627685547","80.60399627685547","","",""
"2399701","80.71900177001953","80.71900177001953","80.71900177001953","81.4280014038086","81.4280014038086","81.4280014038086","81.2249984741211","81.2249984741211","81.2249984741211","","",""
"2407700","80.73100280761719","80.73100280761719","80.73100280761719","80.45899963378906","80.45899963378906","80.45899963378906","80.7699966430664","80.7699966430664","80.7699966430664","","",""
"2415699","81.33300018310547","81.33300018310547","81.33300018310547","81.9530029296875","81.9530029296875","81.9530029296875","81.6719970703125","81.6719970703125","81.6719970703125","","",""
"2423698","80.68599700927734","80.68599700927734","80.68599700927734","80.94300079345703","80.94300079345703","80.94300079345703","81.10299682617188","81.10299682617188","81.10299682617188","","",""
"2431697","80.45999908447266","80.45999908447266","80.45999908447266","82.04000091552734","82.04000091552734","82.04000091552734","81.9260025024414","81.9260025024414","81.9260025024414","","",""
"2439696","79.45999908447266","79.45999908447266","79.45999908447266","81.1760025024414","81.1760025024414","81.1760025024414","81.20999908447266","81.20999908447266","81.20999908447266","","",""
"2447695","81.08000183105469","81.08000183105469","81.08000183105469","82.04900360107422","82.04900360107422","82.04900360107422","81.06999969482422","81.06999969482422","81.06999969482422","","",""
"2455694","80.4530029296875","80.4530029296875","80.4530029296875","81.01899719238281","81.01899719238281","81.01899719238281","81.02100372314453","81.02100372314453","81.02100372314453","","",""
"2463693","80.68099975585938","80.68099975585938","80.68099975585938","81.86900329589844","81.86900329589844","81.86900329589844","80.37899780273438","80.37899780273438","80.37899780273438","","",""
"2471692","80.59700012207031","80.59700012207031","80.59700012207031","80.53700256347656","80.53700256347656","80.53700256347656","81.88999938964844","81.88999938964844","81.88999938964844","","",""
"2479691","80.0739974975586","80.0739974975586","80.0739974975586","80.822998046875","80.822998046875","80.822998046875","81.06500244140625","81.06500244140625","81.06500244140625","","",""
"2487690","81.61900329589844","81.61900329589844","81.61900329589844","81.9280014038086","81.9280014038086","81.9280014038086","81.0270004272461","81.0270004272461","81.0270004272461","","",""
"2495689","81.177001953125","81.177001953125","81.177001953125","81.98300170898438","81.98300170898438","81.98300170898438","80.3290023803711","80.3290023803711","80.3290023803711","","",""
"2503688","81.177001953125","81.177001953125","81.177001953125","81.59700012207031","81.59700012207031","81.59700012207031","81.14600372314453","81.14600372314453","81.14600372314453","","",""
"2511687","80.6760025024414","80.6760025024414","80.6760025024414","81.55899810791016","81.55899810791016","81.55899810791016","81.50700378417969","81.50700378417969","81.50700378417969","","",""
"2519686","81.59500122070312","81.59500122070312","81.59500122070312","82.43099975585938","82.43099975585938","82.43099975585938","82.33100128173828","82.33100128173828","82.33100128173828","","",""
"2527685","80.44300079345703","80.44300079345703","80.44300079345703","82.14199829101562","82.14199829101562","82.14199829101562","80.99199676513672","80.99199676513672","80.99199676513672","","",""
"2535684","80.29199981689453","80.29199981689453","80.29199981689453","80.5250015258789","80.5250015258789","80.5250015258789","80.7959976196289","80.7959976196289","80.7959976196289","","",""
"2543683","82.12200164794922","82.12200164794922","82.12200164794922","81.88600158691406","81.88600158691406","81.88600158691406","81.23300170898438","81.23300170898438","81.23300170898438","","",""
"2551682","80.0719985961914","80.0719985961914","80.0719985961914","81.08699798583984","81.08699798583984","81.08699798583984","80.85399627685547","80.85399627685547","80.85399627685547","","",""
"2559681","81.19999694824219","81.19999694824219","81.19999694824219","81.65699768066406","81.65699768066406","81.65699768066406","82.6259994506836","82.6259994506836","82.6259994506836","","",""
"2567680","80.38600158691406","80.38600158691406","80.38600158691406","80.27400207519531","80.27400207519531","80.27400207519531","80.9469985961914","80.9469985961914","80.9469985961914","","",""
"2575679","80.82499694824219","80.82499694824219","80.82499694824219","80.58899688720703","80.58899688720703","80.58899688720703","81.3499984741211","81.3499984741211","81.3499984741211","","",""
"2583678","80.88600158691406","80.88600158691406","80.88600158691406","80.62699890136719","80.62699890136719","80.62699890136719","80.59500122070312","80.59500122070312","80.59500122070312","","",""
"2591677","79.98899841308594","79.98899841308594","79.98899841308594","81.09600067138672","81.09600067138672","81.09600067138672","80.7760009765625","80.7760009765625","80.7760009765625","","",""
"2599676","80.6719970703125","80.6719970703125","80.6719970703125","80.89099884033203","80.89099884033203","80.89099884033203","80.7249984741211","80.7249984741211","80.7249984741211","","",""
"2607675","80.41200256347656","80.41200256347656","80.41200256347656","80.35700225830078","80.35700225830078","80.35700225830078","81.40899658203125","81.40899658203125","81.40899658203125","","",""
"2615674","79.74400329589844","79.74400329589844","79.74400329589844","81.25700378417969","81.25700378417969","81.25700378417969","80.94300079345703","80.94300079345703","80.94300079345703","","",""
"2623673","80.60399627685547","80.60399627685547","80.60399627685547","81.09300231933594","81.09300231933594","81.09300231933594","80.55999755859375","80.55999755859375","80.55999755859375","","",""
"2631672","80.16500091552734","80.16500091552734","80.16500091552734","81.29399871826172","81.29399871826172","81.29399871826172","80.81999969482422","80.81999969482422","80.81999969482422","","",""
"2639671","80.46099853515625","80.46099853515625","80.46099853515625","80.3479995727539","80.3479995727539","80.3479995727539","81.06800079345703","81.06800079345703","81.06800079345703","","",""
"2647670","79.66000366210938","79.66000366210938","79.66000366210938","81.19599914550781","81.19599914550781","81.19599914550781","81.34700012207031","81.34700012207031","81.34700012207031","","",""
"2655669","79.13800048828125","79.13800048828125","79.13800048828125","79.53199768066406","79.53199768066406","79.53199768066406","80.26699829101562","80.26699829101562","80.26699829101562","","",""
"2663668","80.12300109863281","80.12300109863281","80.12300109863281","81.04299926757812","81.04299926757812","81.04299926757812","80.80500030517578","80.80500030517578","80.80500030517578","","",""
"2671667","81.59700012207031","81.59700012207031","81.59700012207031","80.96399688720703","80.96399688720703","80.96399688720703","82.15599822998047","82.15599822998047","82.15599822998047","","",""
"2679666","80.74299621582031","80.74299621582031","80.74299621582031","80.83000183105469","80.83000183105469","80.83000183105469","80.5780029296875","80.5780029296875","80.5780029296875","","",""
"2687665","80.16500091552734","80.16500091552734","80.16500091552734","80.93900299072266","80.93900299072266","80.93900299072266","81.1050033569336","81.1050033569336","81.1050033569336","","",""
"2695664","80.5250015258789","80.5250015258789","80.5250015258789","81.04199981689453","81.04199981689453","81.04199981689453","79.65899658203125","79.65899658203125","79.65899658203125","","",""
"2703663","80.60299682617188","80.60299682617188","80.60299682617188","80.92400360107422","80.92400360107422","80.92400360107422","81.03299713134766","81.03299713134766","81.03299713134766","","",""
"2711662","80.2239990234375","80.2239990234375","80.2239990234375","80.28099822998047","80.28099822998047","80.28099822998047","80.78099822998047","80.78099822998047","80.78099822998047","","",""
"2719661","80.64399719238281","80.64399719238281","80.64399719238281","81.49600219726562","81.49600219726562","81.49600219726562","80.34300231933594","80.34300231933594","80.34300231933594","","",""
"2727660","80.77799987792969","80.77799987792969","80.77799987792969","82.04000091552734","82.04000091552734","82.04000091552734","80.79299926757812","80.79299926757812","80.79299926757812","","",""
"2735659","80.23100280761719","80.23100280761719","80.23100280761719","81.40299987792969","81.40299987792969","81.40299987792969","81.63700103759766","81.63700103759766","81.63700103759766","","",""
"2743658","79.06600189208984","79.06600189208984","79.06600189208984","80.15799713134766","80.15799713134766","80.15799713134766","79.65899658203125","79.65899658203125","79.65899658203125","","",""
"2751657","80.52799987792969","80.52799987792969","80.52799987792969","81.3270034790039","81.3270034790039","81.3270034790039","80.76599884033203","80.76599884033203","80.76599884033203","","",""
"2759656","79.84200286865234","79.84200286865234","79.84200286865234","80.25900268554688","80.25900268554688","80.25900268554688","80.18800354003906","80.18800354003906","80.18800354003906","","",""
"2767655","79.94300079345703","79.94300079345703","79.94300079345703","81.78600311279297","81.78600311279297","81.78600311279297","81.09300231933594","81.09300231933594","81.09300231933594","","",""
"2775654","81.35099792480469","81.35099792480469","81.35099792480469","81.68499755859375","81.68499755859375","81.68499755859375","81.03800201416016","81.03800201416016","81.03800201416016","","",""
"2783653","79.60399627685547","79.60399627685547","79.60399627685547","81.59500122070312","81.59500122070312","81.59500122070312","80.26399993896484","80.26399993896484","80.26399993896484","","",""
"2791652","80.3270034790039","80.3270034790039","80.3270034790039","81.48500061035156","81.48500061035156","81.48500061035156","81.39199829101562","81.39199829101562","81.39199829101562","","",""
"2799651","80.2030029296875","80.2030029296875","80.2030029296875","81.91999816894531","81.91999816894531","81.91999816894531","81.43399810791016","81.43399810791016","81.43399810791016","","",""
"2807650","80.19599914550781","80.19599914550781","80.19599914550781","80.99099731445312","80.99099731445312","80.99099731445312","81.77400207519531","81.77400207519531","81.77400207519531","","",""
"2815649","80.61199951171875","80.61199951171875","80.61199951171875","80.822998046875","80.822998046875","80.822998046875","81.26699829101562","81.26699829101562","81.26699829101562","","",""
"2823648","80.41300201416016","80.41300201416016","80.41300201416016","81.93199920654297","81.93199920654297","81.93199920654297","82.69300079345703","82.69300079345703","82.69300079345703","","",""
"2831647","81.59600067138672","81.59600067138672","81.59600067138672","81.59300231933594","81.59300231933594","81.59300231933594","80.90299987792969","80.90299987792969","80.90299987792969","","",""
"2839646","80.14399719238281","80.14399719238281","80.14399719238281","81.875","81.875","81.875","81.88700103759766","81.88700103759766","81.88700103759766","","",""
"2847645","81.7249984741211","81.7249984741211","81.7249984741211","81.0469970703125","81.0469970703125","81.0469970703125","81.4540023803711","81.4540023803711","81.4540023803711","","",""
"2855644","80.4530029296875","80.4530029296875","80.4530029296875","80.95099639892578","80.95099639892578","80.95099639892578","79.73200225830078","79.73200225830078","79.73200225830078","","",""
"2863643","80.13800048828125","80.13800048828125","80.13800048828125","81.64099884033203","81.64099884033203","81.64099884033203","81.08300018310547","81.08300018310547","81.08300018310547","","",""
"2871642","80.18099975585938","80.18099975585938","80.18099975585938","81.2040023803711","81.2040023803711","81.2040023803711","80.50499725341797","80.50499725341797","80.50499725341797","","",""
"2879641","81.01899719238281","81.01899719238281","81.01899719238281","81.98699951171875","81.98699951171875","81.98699951171875","81.93399810791016","81.93399810791016","81.93399810791016","","",""
"2887640","81.22100067138672","81.22100067138672","81.22100067138672","81.52799987792969","81.52799987792969","81.52799987792969","81.44300079345703","81.44300079345703","81.44300079345703","","",""
"2895639","80.06999969482422","80.06999969482422","80.06999969482422","80.5260009765625","80.5260009765625","80.5260009765625","81.375","81.375","81.375","","",""
"2903638","80.4729995727539","80.4729995727539","80.4729995727539","81.77300262451172","81.77300262451172","81.77300262451172","81.99199676513672","81.99199676513672","81.99199676513672","","",""
"2911637","81.09600067138672","81.09600067138672","81.09600067138672","80.60600280761719","80.60600280761719","80.60600280761719","81.9530029296875","81.9530029296875","81.9530029296875","","",""
"2919636","81.01200103759766","81.01200103759766","81.01200103759766","81.22000122070312","81.22000122070312","81.22000122070312","80.78099822998047","80.78099822998047","80.78099822998047","","",""
"2927635","81.56300354003906","81.56300354003906","81.56300354003906","80.71600341796875","80.71600341796875","80.71600341796875","80.55999755859375","80.55999755859375","80.55999755859375","","",""
"2935634","82.43800354003906","82.43800354003906","82.43800354003906","82.1729965209961","82.1729965209961","82.1729965209961","82.46399688720703","82.46399688720703","82.46399688720703","","",""
"2943633","81.96600341796875","81.96600341796875","81.96600341796875","81.53800201416016","81.53800201416016","81.53800201416016","80.83300018310547","80.83300018310547","80.83300018310547","","",""
"2951632","81.11900329589844","81.11900329589844","81.11900329589844","81.79399871826172","81.79399871826172","81.79399871826172","81.79499816894531","81.79499816894531","81.79499816894531","","",""
"2959631","81.447998046875","81.447998046875","81.447998046875","81.0979995727539","81.0979995727539","81.0979995727539","81.31800079345703","81.31800079345703","81.31800079345703","","",""
"2967630","82.35399627685547","82.35399627685547","82.35399627685547","81.95899963378906","81.95899963378906","81.95899963378906","82.39099884033203","82.39099884033203","82.39099884033203","","",""
"2975629","80.48699951171875","80.48699951171875","80.48699951171875","80.76599884033203","80.76599884033203","80.76599884033203","81.06600189208984","81.06600189208984","81.06600189208984","","",""
"2983628","82.14199829101562","82.14199829101562","82.14199829101562","82.42500305175781","82.42500305175781","82.42500305175781","81.35600280761719","81.35600280761719","81.35600280761719","","",""
"2991627","81.3270034790039","81.3270034790039","81.3270034790039","82.25299835205078","82.25299835205078","82.25299835205078","82.07499694824219","82.07499694824219","82.07499694824219","","",""
"2999626","82.01399993896484","82.01399993896484","82.01399993896484","81.04900360107422","81.04900360107422","81.04900360107422","80.9020004272461","80.9020004272461","80.9020004272461","","",""
"3007625","82.39299774169922","82.39299774169922","82.39299774169922","81.54299926757812","81.54299926757812","81.54299926757812","81.8290023803711","81.8290023803711","81.8290023803711","","",""
"3015624","81.05000305175781","81.05000305175781","81.05000305175781","82.68699645996094","82.68699645996094","82.68699645996094","81.54499816894531","81.54499816894531","81.54499816894531","","",""
"3023623","81.84600067138672","81.84600067138672","81.84600067138672","81.1259994506836","81.1259994506836","81.1259994506836","81.87999725341797","81.87999725341797","81.87999725341797","","",""
"3031622","80.84400177001953","80.84400177001953","80.84400177001953","81.2509994506836","81.2509994506836","81.2509994506836","81.14900207519531","81.14900207519531","81.14900207519531","","",""
"3039621","82.78500366210938","82.78500366210938","82.78500366210938","81.70999908447266","81.70999908447266","81.70999908447266","81.302001953125","81.302001953125","81.302001953125","","",""
"3047620","80.86000061035156","80.86000061035156","80.86000061035156","80.63300323486328","80.63300323486328","80.63300323486328","81.625","81.625","81.625","","",""
"3055619","81.11699676513672","81.11699676513672","81.11699676513672","80.86799621582031","80.86799621582031","80.86799621582031","80.58399963378906","80.58399963378906","80.58399963378906","","",""
"3063618","81.21399688720703","81.21399688720703","81.21399688720703","80.56400299072266","80.56400299072266","80.56400299072266","81.47599792480469","81.47599792480469","81.47599792480469","","",""
"3071617","81.99199676513672","81.99199676513672","81.99199676513672","80.64900207519531","80.64900207519531","80.64900207519531","80.55699920654297","80.55699920654297","80.55699920654297","","",""
"3079616","80.95899963378906","80.95899963378906","80.95899963378906","80.56300354003906","80.56300354003906","80.56300354003906","80.43900299072266","80.43900299072266","80.43900299072266","","",""
"3087615","81.4520034790039","81.4520034790039","81.4520034790039","80.99500274658203","80.99500274658203","80.99500274658203","81.35099792480469","81.35099792480469","81.35099792480469","","",""
"3095614","80.7300033569336","80.7300033569336","80.7300033569336","81.08499908447266","81.08499908447266","81.08499908447266","80.71700286865234","80.71700286865234","80.71700286865234","","",""
"3103613","81.22799682617188","81.22799682617188","81.22799682617188","81.00700378417969","81.00700378417969","81.00700378417969","81.61699676513672","81.61699676513672","81.61699676513672","","",""
"3111612","80.3239974975586","80.3239974975586","80.3239974975586","80.54499816894531","80.54499816894531","80.54499816894531","80.13500213623047","80.13500213623047","80.13500213623047","","",""
"3119611","81.03299713134766","81.03299713134766","81.03299713134766","81.29900360107422","81.29900360107422","81.29900360107422","79.46399688720703","79.46399688720703","79.46399688720703","","",""
"3127610","80.51399993896484","80.51399993896484","80.51399993896484","81.05500030517578","81.05500030517578","81.05500030517578","80.93099975585938","80.93099975585938","80.93099975585938","","",""
"3135609","80.71299743652344","80.71299743652344","80.71299743652344","81.16699981689453","81.16699981689453","81.16699981689453","81.16500091552734","81.16500091552734","81.16500091552734","","",""
"3143608","80.32099914550781","80.32099914550781","80.32099914550781","80.78399658203125","80.78399658203125","80.78399658203125","81.41500091552734","81.41500091552734","81.41500091552734","","",""
"3151607","80.27999877929688","80.27999877929688","80.27999877929688","81.33300018310547","81.33300018310547","81.33300018310547","80.16000366210938","80.16000366210938","80.16000366210938","","",""
"3159606","79.72000122070312","79.72000122070312","79.72000122070312","81.37699890136719","81.37699890136719","81.37699890136719","79.95600128173828","79.95600128173828","79.95600128173828","","",""
"3167605","80.68499755859375","80.68499755859375","80.68499755859375","81.32499694824219","81.32499694824219","81.32499694824219","80.2229995727539","80.2229995727539","80.2229995727539","","",""
"3175604","81.0469970703125","81.0469970703125","81.0469970703125","80.47000122070312","80.47000122070312","80.47000122070312","80.58200073242188","80.58200073242188","80.58200073242188","","",""
"3183603","80.41100311279297","80.41100311279297","80.41100311279297","82.02200317382812","82.02200317382812","82.02200317382812","81.68699645996094","81.68699645996094","81.68699645996094","","",""
"3191602","79.93199920654297","79.93199920654297","79.93199920654297","82.06600189208984","82.06600189208984","82.06600189208984","80.55400085449219","80.55400085449219","80.55400085449219","","",""
"3199601","80.27799987792969","80.27799987792969","80.27799987792969","81.75199890136719","81.75199890136719","81.75199890136719","","","","","",""
"3207600","79.93699645996094","79.93699645996094","79.93699645996094","79.86100006103516","79.86100006103516","79.86100006103516","","","","","",""
"3215599","80.83499908447266","80.83499908447266","80.83499908447266","81.4010009765625","81.4010009765625","81.4010009765625","","","","","",""
"3223598","80.48899841308594","80.48899841308594","80.48899841308594","81.37300109863281","81.37300109863281","81.37300109863281","","","","","",""
"3231597","80.98500061035156","80.98500061035156","80.98500061035156","82.2699966430664","82.2699966430664","82.2699966430664","","","","","",""
"3239596","81.8239974975586","81.8239974975586","81.8239974975586","82.02200317382812","82.02200317382812","82.02200317382812","","","","","",""
"3247595","81.13099670410156","81.13099670410156","81.13099670410156","82.16500091552734","82.16500091552734","82.16500091552734","","","","","",""
"3255594","81.572998046875","81.572998046875","81.572998046875","81.47899627685547","81.47899627685547","81.47899627685547","","","","","",""
"3263593","81.04499816894531","81.04499816894531","81.04499816894531","81.6240005493164","81.6240005493164","81.6240005493164","","","","","",""
"3271592","81.94400024414062","81.94400024414062","81.94400024414062","82.40799713134766","82.40799713134766","82.40799713134766","","","","","",""
"3279591","80.86599731445312","80.86599731445312","80.86599731445312","81.38899993896484","81.38899993896484","81.38899993896484","","","","","",""
"3287590","81.40799713134766","81.40799713134766","81.40799713134766","82.3239974975586","82.3239974975586","82.3239974975586","","","","","",""
"3295589","81.55899810791016","81.55899810791016","81.55899810791016","81.71600341796875","81.71600341796875","81.71600341796875","","","","","",""
"3303588","80.75","80.75","80.75","80.50800323486328","80.50800323486328","80.50800323486328","","","","","",""
"3311587","81.56999969482422","81.56999969482422","81.56999969482422","80.13600158691406","80.13600158691406","80.13600158691406","","","","","",""
"3319586","80.94599914550781","80.94599914550781","80.94599914550781","82.4020004272461","82.4020004272461","82.4020004272461","","","","","",""
"3327585","81.09500122070312","81.09500122070312","81.09500122070312","80.68000030517578","80.68000030517578","80.68000030517578","","","","","",""
"3335584","80.6500015258789","80.6500015258789","80.6500015258789","80.88099670410156","80.88099670410156","80.88099670410156","","","","","",""
"3343583","81.53700256347656","81.53700256347656","81.53700256347656","81.98500061035156","81.98500061035156","81.98500061035156","","","","","",""
"3351582","81.36399841308594","81.36399841308594","81.36399841308594","81.50599670410156","81.50599670410156","81.50599670410156","","","","","",""
"3359581","80.7490005493164","80.7490005493164","80.7490005493164","81.98600006103516","81.98600006103516","81.98600006103516","","","","","",""
"3367580","81.27999877929688","81.27999877929688","81.27999877929688","82.16400146484375","82.16400146484375","82.16400146484375","","","","","",""
"3375579","81.83799743652344","81.83799743652344","81.83799743652344","81.1240005493164","81.1240005493164","81.1240005493164","","","","","",""
"3383578","82.0479965209961","82.0479965209961","82.0479965209961","82.04299926757812","82.04299926757812","82.04299926757812","","","","","",""
"3391577","81.0989990234375","81.0989990234375","81.0989990234375","80.38500213623047","80.38500213623047","80.38500213623047","","","","","",""
"3399576","81.52999877929688","81.52999877929688","81.52999877929688","82.5199966430664","82.5199966430664","82.5199966430664","","","","","",""
"3407575","81.4530029296875","81.4530029296875","81.4530029296875","82.33599853515625","82.33599853515625","82.33599853515625","","","","","",""
"3415574","80.12000274658203","80.12000274658203","80.12000274658203","79.625","79.625","79.625","","","","","",""
"3423573","80.98600006103516","80.98600006103516","80.98600006103516","80.83599853515625","80.83599853515625","80.83599853515625","","","","","",""
"3431572","80.2020034790039","80.2020034790039","80.2020034790039","81.53900146484375","81.53900146484375","81.53900146484375","","","","","",""
"3439571","","","","81.0469970703125","81.0469970703125","81.0469970703125","","","","","",""
"3447570","","","","81.51499938964844","81.51499938964844","81.51499938964844","","","","","",""
"3455569","","","","82.40899658203125","82.40899658203125","82.40899658203125","","","","","",""
"3463568","","","","81.43699645996094","81.43699645996094","81.43699645996094","","","","","",""