"Step","PPO_bad_multiple_COMS_truth_D__1__1684103936 (Run set) - test/reward_bad_team_mean","PPO_bad_multiple_COMS_truth_D__1__1684103936 (Run set) - test/reward_bad_team_mean__MIN","PPO_bad_multiple_COMS_truth_D__1__1684103936 (Run set) - test/reward_bad_team_mean__MAX","PPO_bad_multiple__1__1683970827 (Run set) - test/reward_bad_team_mean","PPO_bad_multiple__1__1683970827 (Run set) - test/reward_bad_team_mean__MIN","PPO_bad_multiple__1__1683970827 (Run set) - test/reward_bad_team_mean__MAX","PPO_bad_single__1__1683929491 (Run set) - test/reward_bad_team_mean","PPO_bad_single__1__1683929491 (Run set) - test/reward_bad_team_mean__MIN","PPO_bad_single__1__1683929491 (Run set) - test/reward_bad_team_mean__MAX"
"0","79.3550033569336","79.3550033569336","79.3550033569336","77.25","77.25","77.25","77.25","77.25","77.25"
"1000","78.94300079345703","78.94300079345703","78.94300079345703","78.2239990234375","78.2239990234375","78.2239990234375","77.24400329589844","77.24400329589844","77.24400329589844"
"2000","79.06199645996094","79.06199645996094","79.06199645996094","78.3949966430664","78.3949966430664","78.3949966430664","78.88300323486328","78.88300323486328","78.88300323486328"
"3000","78.70600128173828","78.70600128173828","78.70600128173828","78.00599670410156","78.00599670410156","78.00599670410156","77.97799682617188","77.97799682617188","77.97799682617188"
"4000","78.3479995727539","78.3479995727539","78.3479995727539","79.41899871826172","79.41899871826172","79.41899871826172","78.99400329589844","78.99400329589844","78.99400329589844"
"5000","78.38099670410156","78.38099670410156","78.38099670410156","79.69200134277344","79.69200134277344","79.69200134277344","78.7300033569336","78.7300033569336","78.7300033569336"
"6000","80.18699645996094","80.18699645996094","80.18699645996094","79.62799835205078","79.62799835205078","79.62799835205078","78.10199737548828","78.10199737548828","78.10199737548828"
"7000","80.60199737548828","80.60199737548828","80.60199737548828","80.20500183105469","80.20500183105469","80.20500183105469","79.76499938964844","79.76499938964844","79.76499938964844"
"8000","80.39900207519531","80.39900207519531","80.39900207519531","79.89099884033203","79.89099884033203","79.89099884033203","79.4229965209961","79.4229965209961","79.4229965209961"
"9000","80.2490005493164","80.2490005493164","80.2490005493164","79.28099822998047","79.28099822998047","79.28099822998047","79.92400360107422","79.92400360107422","79.92400360107422"
"10000","80.1500015258789","80.1500015258789","80.1500015258789","80.9749984741211","80.9749984741211","80.9749984741211","80.31600189208984","80.31600189208984","80.31600189208984"
"11000","80.37799835205078","80.37799835205078","80.37799835205078","79.58000183105469","79.58000183105469","79.58000183105469","80.072998046875","80.072998046875","80.072998046875"
"12000","79.88600158691406","79.88600158691406","79.88600158691406","81.0999984741211","81.0999984741211","81.0999984741211","81.34600067138672","81.34600067138672","81.34600067138672"
"13000","80.43000030517578","80.43000030517578","80.43000030517578","81.48500061035156","81.48500061035156","81.48500061035156","80.20700073242188","80.20700073242188","80.20700073242188"
"14000","80.0790023803711","80.0790023803711","80.0790023803711","80.66600036621094","80.66600036621094","80.66600036621094","81.00499725341797","81.00499725341797","81.00499725341797"
"15000","80.6050033569336","80.6050033569336","80.6050033569336","81.00599670410156","81.00599670410156","81.00599670410156","80.6259994506836","80.6259994506836","80.6259994506836"
"16000","79.35800170898438","79.35800170898438","79.35800170898438","80.5770034790039","80.5770034790039","80.5770034790039","80.96700286865234","80.96700286865234","80.96700286865234"
"17000","79.85099792480469","79.85099792480469","79.85099792480469","81.6500015258789","81.6500015258789","81.6500015258789","81.01799774169922","81.01799774169922","81.01799774169922"
"18000","79.91500091552734","79.91500091552734","79.91500091552734","81.9260025024414","81.9260025024414","81.9260025024414","81.35299682617188","81.35299682617188","81.35299682617188"
"19000","81.28099822998047","81.28099822998047","81.28099822998047","81.60199737548828","81.60199737548828","81.60199737548828","81.99500274658203","81.99500274658203","81.99500274658203"
"20000","81.21299743652344","81.21299743652344","81.21299743652344","81.58699798583984","81.58699798583984","81.58699798583984","80.76200103759766","80.76200103759766","80.76200103759766"
"21000","80.45800018310547","80.45800018310547","80.45800018310547","80.79199981689453","80.79199981689453","80.79199981689453","81.84100341796875","81.84100341796875","81.84100341796875"
"22000","80.72699737548828","80.72699737548828","80.72699737548828","81.81400299072266","81.81400299072266","81.81400299072266","81.3949966430664","81.3949966430664","81.3949966430664"
"23000","81.73699951171875","81.73699951171875","81.73699951171875","81.56900024414062","81.56900024414062","81.56900024414062","82.6709976196289","82.6709976196289","82.6709976196289"
"24000","82","82","82","81.54100036621094","81.54100036621094","81.54100036621094","82.70700073242188","82.70700073242188","82.70700073242188"
"25000","82.01899719238281","82.01899719238281","82.01899719238281","82.53500366210938","82.53500366210938","82.53500366210938","81.48100280761719","81.48100280761719","81.48100280761719"
"26000","81.15899658203125","81.15899658203125","81.15899658203125","82.1240005493164","82.1240005493164","82.1240005493164","82.40499877929688","82.40499877929688","82.40499877929688"
"27000","80.9260025024414","80.9260025024414","80.9260025024414","83.04000091552734","83.04000091552734","83.04000091552734","81.9260025024414","81.9260025024414","81.9260025024414"
"28000","81.94000244140625","81.94000244140625","81.94000244140625","82.80899810791016","82.80899810791016","82.80899810791016","81.822998046875","81.822998046875","81.822998046875"
"29000","81.97200012207031","81.97200012207031","81.97200012207031","82.0780029296875","82.0780029296875","82.0780029296875","81.96900177001953","81.96900177001953","81.96900177001953"
"30000","82.76799774169922","82.76799774169922","82.76799774169922","82.87899780273438","82.87899780273438","82.87899780273438","81.9729995727539","81.9729995727539","81.9729995727539"
"31000","82.28199768066406","82.28199768066406","82.28199768066406","82.30000305175781","82.30000305175781","82.30000305175781","82.39099884033203","82.39099884033203","82.39099884033203"
"32000","81.93900299072266","81.93900299072266","81.93900299072266","82.9739990234375","82.9739990234375","82.9739990234375","82.68900299072266","82.68900299072266","82.68900299072266"
"33000","82.6729965209961","82.6729965209961","82.6729965209961","82.67400360107422","82.67400360107422","82.67400360107422","83.36100006103516","83.36100006103516","83.36100006103516"
"34000","82.37100219726562","82.37100219726562","82.37100219726562","83.2770004272461","83.2770004272461","83.2770004272461","82.57099914550781","82.57099914550781","82.57099914550781"
"35000","82.13400268554688","82.13400268554688","82.13400268554688","83.38099670410156","83.38099670410156","83.38099670410156","82.47799682617188","82.47799682617188","82.47799682617188"
"36000","82.91000366210938","82.91000366210938","82.91000366210938","83.63899993896484","83.63899993896484","83.63899993896484","82.8030014038086","82.8030014038086","82.8030014038086"
"37000","82.49500274658203","82.49500274658203","82.49500274658203","82.86199951171875","82.86199951171875","82.86199951171875","82.9520034790039","82.9520034790039","82.9520034790039"
"38000","82.33399963378906","82.33399963378906","82.33399963378906","83.92900085449219","83.92900085449219","83.92900085449219","83.21199798583984","83.21199798583984","83.21199798583984"
"39000","82.08999633789062","82.08999633789062","82.08999633789062","83.3010025024414","83.3010025024414","83.3010025024414","84.21299743652344","84.21299743652344","84.21299743652344"
"40000","82.38300323486328","82.38300323486328","82.38300323486328","82.90899658203125","82.90899658203125","82.90899658203125","82.99800109863281","82.99800109863281","82.99800109863281"
"41000","83.03399658203125","83.03399658203125","83.03399658203125","83.61499786376953","83.61499786376953","83.61499786376953","83.70099639892578","83.70099639892578","83.70099639892578"
"42000","83.06500244140625","83.06500244140625","83.06500244140625","83.98899841308594","83.98899841308594","83.98899841308594","83.31800079345703","83.31800079345703","83.31800079345703"
"43000","83.45700073242188","83.45700073242188","83.45700073242188","83.98699951171875","83.98699951171875","83.98699951171875","83.37699890136719","83.37699890136719","83.37699890136719"
"44000","82.84500122070312","82.84500122070312","82.84500122070312","83.95800018310547","83.95800018310547","83.95800018310547","83.51599884033203","83.51599884033203","83.51599884033203"
"45000","82.62699890136719","82.62699890136719","82.62699890136719","83.97100067138672","83.97100067138672","83.97100067138672","83.34600067138672","83.34600067138672","83.34600067138672"
"46000","82.91100311279297","82.91100311279297","82.91100311279297","83.7699966430664","83.7699966430664","83.7699966430664","83.48699951171875","83.48699951171875","83.48699951171875"
"47000","83.75199890136719","83.75199890136719","83.75199890136719","83.39600372314453","83.39600372314453","83.39600372314453","83.00700378417969","83.00700378417969","83.00700378417969"
"48000","83.2300033569336","83.2300033569336","83.2300033569336","83.7490005493164","83.7490005493164","83.7490005493164","83.73100280761719","83.73100280761719","83.73100280761719"
"49000","83.16400146484375","83.16400146484375","83.16400146484375","83.9260025024414","83.9260025024414","83.9260025024414","83.48300170898438","83.48300170898438","83.48300170898438"
"50000","83.3239974975586","83.3239974975586","83.3239974975586","83.89199829101562","83.89199829101562","83.89199829101562","83.7770004272461","83.7770004272461","83.7770004272461"
"51000","83.41699981689453","83.41699981689453","83.41699981689453","84.4260025024414","84.4260025024414","84.4260025024414","84.01899719238281","84.01899719238281","84.01899719238281"
"52000","83.7020034790039","83.7020034790039","83.7020034790039","84.46099853515625","84.46099853515625","84.46099853515625","83.68499755859375","83.68499755859375","83.68499755859375"
"53000","84.0260009765625","84.0260009765625","84.0260009765625","84.28800201416016","84.28800201416016","84.28800201416016","83.86000061035156","83.86000061035156","83.86000061035156"
"54000","83.75700378417969","83.75700378417969","83.75700378417969","84.51300048828125","84.51300048828125","84.51300048828125","83.46499633789062","83.46499633789062","83.46499633789062"
"55000","83.94100189208984","83.94100189208984","83.94100189208984","84.5260009765625","84.5260009765625","84.5260009765625","83.52999877929688","83.52999877929688","83.52999877929688"
"56000","84.13600158691406","84.13600158691406","84.13600158691406","84.49400329589844","84.49400329589844","84.49400329589844","83.52300262451172","83.52300262451172","83.52300262451172"
"57000","83.27200317382812","83.27200317382812","83.27200317382812","84.55999755859375","84.55999755859375","84.55999755859375","83.45600128173828","83.45600128173828","83.45600128173828"
"58000","83.37300109863281","83.37300109863281","83.37300109863281","84.63899993896484","84.63899993896484","84.63899993896484","83.76300048828125","83.76300048828125","83.76300048828125"
"59000","83.5250015258789","83.5250015258789","83.5250015258789","84.75800323486328","84.75800323486328","84.75800323486328","83.85700225830078","83.85700225830078","83.85700225830078"
"60000","83.19400024414062","83.19400024414062","83.19400024414062","84.68099975585938","84.68099975585938","84.68099975585938","83.86599731445312","83.86599731445312","83.86599731445312"
"61000","83.48200225830078","83.48200225830078","83.48200225830078","84.64900207519531","84.64900207519531","84.64900207519531","83.95500183105469","83.95500183105469","83.95500183105469"
"62000","83.41899871826172","83.41899871826172","83.41899871826172","84.67900085449219","84.67900085449219","84.67900085449219","84.02100372314453","84.02100372314453","84.02100372314453"
"62500","83.802001953125","83.802001953125","83.802001953125","84.90299987792969","84.90299987792969","84.90299987792969","88.27100372314453","88.27100372314453","88.27100372314453"
"63500","84.46900177001953","84.46900177001953","84.46900177001953","86.04000091552734","86.04000091552734","86.04000091552734","88.89199829101562","88.89199829101562","88.89199829101562"
"64500","85.16999816894531","85.16999816894531","85.16999816894531","86.8290023803711","86.8290023803711","86.8290023803711","88.87899780273438","88.87899780273438","88.87899780273438"
"65500","87.06500244140625","87.06500244140625","87.06500244140625","89.5270004272461","89.5270004272461","89.5270004272461","89.33999633789062","89.33999633789062","89.33999633789062"
"66500","86.88800048828125","86.88800048828125","86.88800048828125","88.927001953125","88.927001953125","88.927001953125","89.625","89.625","89.625"
"67500","87.91699981689453","87.91699981689453","87.91699981689453","89.35800170898438","89.35800170898438","89.35800170898438","89.88300323486328","89.88300323486328","89.88300323486328"
"68500","87.4020004272461","87.4020004272461","87.4020004272461","89.35099792480469","89.35099792480469","89.35099792480469","90.13800048828125","90.13800048828125","90.13800048828125"
"69500","87.87799835205078","87.87799835205078","87.87799835205078","89.12200164794922","89.12200164794922","89.12200164794922","89.37300109863281","89.37300109863281","89.37300109863281"
"70500","87.87799835205078","87.87799835205078","87.87799835205078","89.23899841308594","89.23899841308594","89.23899841308594","89.83100128173828","89.83100128173828","89.83100128173828"
"71500","88.61000061035156","88.61000061035156","88.61000061035156","90.06900024414062","90.06900024414062","90.06900024414062","89.57499694824219","89.57499694824219","89.57499694824219"
"72500","88.28600311279297","88.28600311279297","88.28600311279297","89.78800201416016","89.78800201416016","89.78800201416016","89.31900024414062","89.31900024414062","89.31900024414062"
"73500","87.50900268554688","87.50900268554688","87.50900268554688","90.40499877929688","90.40499877929688","90.40499877929688","90.36399841308594","90.36399841308594","90.36399841308594"
"74500","88.53500366210938","88.53500366210938","88.53500366210938","89.64600372314453","89.64600372314453","89.64600372314453","91.04100036621094","91.04100036621094","91.04100036621094"
"75500","88.302001953125","88.302001953125","88.302001953125","90.47799682617188","90.47799682617188","90.47799682617188","90.052001953125","90.052001953125","90.052001953125"
"76500","88.39900207519531","88.39900207519531","88.39900207519531","90.96900177001953","90.96900177001953","90.96900177001953","90.2770004272461","90.2770004272461","90.2770004272461"
"77500","88.78500366210938","88.78500366210938","88.78500366210938","89.83699798583984","89.83699798583984","89.83699798583984","90.4800033569336","90.4800033569336","90.4800033569336"
"78500","89.11000061035156","89.11000061035156","89.11000061035156","90.15499877929688","90.15499877929688","90.15499877929688","90.93699645996094","90.93699645996094","90.93699645996094"
"79500","88.86000061035156","88.86000061035156","88.86000061035156","90.69400024414062","90.69400024414062","90.69400024414062","90.97100067138672","90.97100067138672","90.97100067138672"
"80500","87.58100128173828","87.58100128173828","87.58100128173828","90.63200378417969","90.63200378417969","90.63200378417969","90.68099975585938","90.68099975585938","90.68099975585938"
"81500","89.31300354003906","89.31300354003906","89.31300354003906","90.40399932861328","90.40399932861328","90.40399932861328","90.83899688720703","90.83899688720703","90.83899688720703"
"82500","89.3219985961914","89.3219985961914","89.3219985961914","90.78700256347656","90.78700256347656","90.78700256347656","90.4530029296875","90.4530029296875","90.4530029296875"
"83500","88.80000305175781","88.80000305175781","88.80000305175781","89.68499755859375","89.68499755859375","89.68499755859375","90.66600036621094","90.66600036621094","90.66600036621094"
"84500","88.7229995727539","88.7229995727539","88.7229995727539","90.38099670410156","90.38099670410156","90.38099670410156","90.54900360107422","90.54900360107422","90.54900360107422"
"85500","88.55500030517578","88.55500030517578","88.55500030517578","89.75199890136719","89.75199890136719","89.75199890136719","91.1259994506836","91.1259994506836","91.1259994506836"
"86500","88.89099884033203","88.89099884033203","88.89099884033203","91.32099914550781","91.32099914550781","91.32099914550781","90.47200012207031","90.47200012207031","90.47200012207031"
"87500","89.18599700927734","89.18599700927734","89.18599700927734","90.58799743652344","90.58799743652344","90.58799743652344","90.5739974975586","90.5739974975586","90.5739974975586"
"88500","88.22599792480469","88.22599792480469","88.22599792480469","90.81800079345703","90.81800079345703","90.81800079345703","90.84300231933594","90.84300231933594","90.84300231933594"
"89500","88.61900329589844","88.61900329589844","88.61900329589844","91.40699768066406","91.40699768066406","91.40699768066406","90.44599914550781","90.44599914550781","90.44599914550781"
"90500","88.14900207519531","88.14900207519531","88.14900207519531","91.37200164794922","91.37200164794922","91.37200164794922","90.97699737548828","90.97699737548828","90.97699737548828"
"91500","88.37200164794922","88.37200164794922","88.37200164794922","91.09600067138672","91.09600067138672","91.09600067138672","90.95800018310547","90.95800018310547","90.95800018310547"
"92500","88.6240005493164","88.6240005493164","88.6240005493164","91.0199966430664","91.0199966430664","91.0199966430664","91.09700012207031","91.09700012207031","91.09700012207031"
"93500","88.39900207519531","88.39900207519531","88.39900207519531","91.1780014038086","91.1780014038086","91.1780014038086","91.11399841308594","91.11399841308594","91.11399841308594"
"94500","88.72899627685547","88.72899627685547","88.72899627685547","91.552001953125","91.552001953125","91.552001953125","91.00700378417969","91.00700378417969","91.00700378417969"
"95500","88.88899993896484","88.88899993896484","88.88899993896484","90.86799621582031","90.86799621582031","90.86799621582031","90.98300170898438","90.98300170898438","90.98300170898438"
"96500","89.11299896240234","89.11299896240234","89.11299896240234","91.37999725341797","91.37999725341797","91.37999725341797","91.38099670410156","91.38099670410156","91.38099670410156"
"97500","89.19999694824219","89.19999694824219","89.19999694824219","91.53399658203125","91.53399658203125","91.53399658203125","91.6780014038086","91.6780014038086","91.6780014038086"
"98500","89.13800048828125","89.13800048828125","89.13800048828125","91.56099700927734","91.56099700927734","91.56099700927734","91.36599731445312","91.36599731445312","91.36599731445312"
"99500","89.13200378417969","89.13200378417969","89.13200378417969","90.93599700927734","90.93599700927734","90.93599700927734","91.53500366210938","91.53500366210938","91.53500366210938"
"100500","89.35600280761719","89.35600280761719","89.35600280761719","91.05000305175781","91.05000305175781","91.05000305175781","91.07599639892578","91.07599639892578","91.07599639892578"
"101500","88.56099700927734","88.56099700927734","88.56099700927734","91.62000274658203","91.62000274658203","91.62000274658203","91.6760025024414","91.6760025024414","91.6760025024414"
"102500","88.97200012207031","88.97200012207031","88.97200012207031","91.30000305175781","91.30000305175781","91.30000305175781","91.5270004272461","91.5270004272461","91.5270004272461"
"103500","88.95700073242188","88.95700073242188","88.95700073242188","91.0790023803711","91.0790023803711","91.0790023803711","91.56400299072266","91.56400299072266","91.56400299072266"
"104500","89.12200164794922","89.12200164794922","89.12200164794922","91.5250015258789","91.5250015258789","91.5250015258789","91.1760025024414","91.1760025024414","91.1760025024414"
"105500","89.28299713134766","89.28299713134766","89.28299713134766","91.70500183105469","91.70500183105469","91.70500183105469","91.37200164794922","91.37200164794922","91.37200164794922"
"106500","90.0250015258789","90.0250015258789","90.0250015258789","91.4990005493164","91.4990005493164","91.4990005493164","91.80899810791016","91.80899810791016","91.80899810791016"
"107500","89.15499877929688","89.15499877929688","89.15499877929688","91.6240005493164","91.6240005493164","91.6240005493164","92.3270034790039","92.3270034790039","92.3270034790039"
"108500","88.802001953125","88.802001953125","88.802001953125","92.52200317382812","92.52200317382812","92.52200317382812","92.39399719238281","92.39399719238281","92.39399719238281"
"109500","89.3759994506836","89.3759994506836","89.3759994506836","91.89299774169922","91.89299774169922","91.89299774169922","92.10700225830078","92.10700225830078","92.10700225830078"
"110500","89.9229965209961","89.9229965209961","89.9229965209961","91.81800079345703","91.81800079345703","91.81800079345703","92.19499969482422","92.19499969482422","92.19499969482422"
"111500","89.76499938964844","89.76499938964844","89.76499938964844","92.05400085449219","92.05400085449219","92.05400085449219","91.63500213623047","91.63500213623047","91.63500213623047"
"112500","90.19499969482422","90.19499969482422","90.19499969482422","92.3489990234375","92.3489990234375","92.3489990234375","91.72899627685547","91.72899627685547","91.72899627685547"
"113500","89.80899810791016","89.80899810791016","89.80899810791016","92.15399932861328","92.15399932861328","92.15399932861328","91.91200256347656","91.91200256347656","91.91200256347656"
"114500","89.54000091552734","89.54000091552734","89.54000091552734","92.23200225830078","92.23200225830078","92.23200225830078","92.09600067138672","92.09600067138672","92.09600067138672"
"115500","90.12899780273438","90.12899780273438","90.12899780273438","91.69499969482422","91.69499969482422","91.69499969482422","91.96099853515625","91.96099853515625","91.96099853515625"
"116500","90.0989990234375","90.0989990234375","90.0989990234375","92.04100036621094","92.04100036621094","92.04100036621094","91.73899841308594","91.73899841308594","91.73899841308594"
"117500","89.7770004272461","89.7770004272461","89.7770004272461","91.46199798583984","91.46199798583984","91.46199798583984","92.04199981689453","92.04199981689453","92.04199981689453"
"118500","89.98500061035156","89.98500061035156","89.98500061035156","92.0459976196289","92.0459976196289","92.0459976196289","91.68800354003906","91.68800354003906","91.68800354003906"
"119500","90.31800079345703","90.31800079345703","90.31800079345703","92.1719970703125","92.1719970703125","92.1719970703125","91.75599670410156","91.75599670410156","91.75599670410156"
"120500","90.58999633789062","90.58999633789062","90.58999633789062","92.22899627685547","92.22899627685547","92.22899627685547","91.91300201416016","91.91300201416016","91.91300201416016"
"121500","90.18800354003906","90.18800354003906","90.18800354003906","92.36100006103516","92.36100006103516","92.36100006103516","92.125","92.125","92.125"
"122500","90.35600280761719","90.35600280761719","90.35600280761719","92.58000183105469","92.58000183105469","92.58000183105469","92.0790023803711","92.0790023803711","92.0790023803711"
"123500","90.0199966430664","90.0199966430664","90.0199966430664","92.24700164794922","92.24700164794922","92.24700164794922","91.86199951171875","91.86199951171875","91.86199951171875"
"124500","89.92400360107422","89.92400360107422","89.92400360107422","92.41300201416016","92.41300201416016","92.41300201416016","91.79199981689453","91.79199981689453","91.79199981689453"
"125000","89.98500061035156","89.98500061035156","89.98500061035156","92.43299865722656","92.43299865722656","92.43299865722656","88.16600036621094","88.16600036621094","88.16600036621094"
"126000","90.0479965209961","90.0479965209961","90.0479965209961","91.3499984741211","91.3499984741211","91.3499984741211","89.56999969482422","89.56999969482422","89.56999969482422"
"127000","89.68800354003906","89.68800354003906","89.68800354003906","92.38999938964844","92.38999938964844","92.38999938964844","90.0459976196289","90.0459976196289","90.0459976196289"
"128000","90.01699829101562","90.01699829101562","90.01699829101562","92.24099731445312","92.24099731445312","92.24099731445312","90.27799987792969","90.27799987792969","90.27799987792969"
"129000","89.46399688720703","89.46399688720703","89.46399688720703","92.26200103759766","92.26200103759766","92.26200103759766","90.96600341796875","90.96600341796875","90.96600341796875"
"130000","89.5999984741211","89.5999984741211","89.5999984741211","92.12100219726562","92.12100219726562","92.12100219726562","91.55999755859375","91.55999755859375","91.55999755859375"
"131000","90.59700012207031","90.59700012207031","90.59700012207031","91.73699951171875","91.73699951171875","91.73699951171875","91.51599884033203","91.51599884033203","91.51599884033203"
"132000","89.4990005493164","89.4990005493164","89.4990005493164","91.21399688720703","91.21399688720703","91.21399688720703","91.75499725341797","91.75499725341797","91.75499725341797"
"133000","90.90899658203125","90.90899658203125","90.90899658203125","91.63099670410156","91.63099670410156","91.63099670410156","91.875","91.875","91.875"
"134000","90.12999725341797","90.12999725341797","90.12999725341797","91.3270034790039","91.3270034790039","91.3270034790039","91.80799865722656","91.80799865722656","91.80799865722656"
"135000","90.23500061035156","90.23500061035156","90.23500061035156","91.20800018310547","91.20800018310547","91.20800018310547","92.5770034790039","92.5770034790039","92.5770034790039"
"136000","89.53399658203125","89.53399658203125","89.53399658203125","92.17900085449219","92.17900085449219","92.17900085449219","92.08799743652344","92.08799743652344","92.08799743652344"
"137000","90.11499786376953","90.11499786376953","90.11499786376953","91.98600006103516","91.98600006103516","91.98600006103516","92.11399841308594","92.11399841308594","92.11399841308594"
"138000","90.49099731445312","90.49099731445312","90.49099731445312","92.22100067138672","92.22100067138672","92.22100067138672","92.6050033569336","92.6050033569336","92.6050033569336"
"139000","90.68099975585938","90.68099975585938","90.68099975585938","91.80799865722656","91.80799865722656","91.80799865722656","92.34300231933594","92.34300231933594","92.34300231933594"
"140000","89.94999694824219","89.94999694824219","89.94999694824219","91.54000091552734","91.54000091552734","91.54000091552734","91.53900146484375","91.53900146484375","91.53900146484375"
"141000","90.18800354003906","90.18800354003906","90.18800354003906","92.55599975585938","92.55599975585938","92.55599975585938","91.63300323486328","91.63300323486328","91.63300323486328"
"142000","89.98100280761719","89.98100280761719","89.98100280761719","92.76699829101562","92.76699829101562","92.76699829101562","91.88500213623047","91.88500213623047","91.88500213623047"
"143000","89.92400360107422","89.92400360107422","89.92400360107422","92.53500366210938","92.53500366210938","92.53500366210938","91.47599792480469","91.47599792480469","91.47599792480469"
"144000","91.01399993896484","91.01399993896484","91.01399993896484","92.24800109863281","92.24800109863281","92.24800109863281","91.99400329589844","91.99400329589844","91.99400329589844"
"145000","90.94999694824219","90.94999694824219","90.94999694824219","92.08000183105469","92.08000183105469","92.08000183105469","92.8949966430664","92.8949966430664","92.8949966430664"
"146000","90.28500366210938","90.28500366210938","90.28500366210938","91.7979965209961","91.7979965209961","91.7979965209961","92.24299621582031","92.24299621582031","92.24299621582031"
"147000","89.94400024414062","89.94400024414062","89.94400024414062","92.03700256347656","92.03700256347656","92.03700256347656","92.11599731445312","92.11599731445312","92.11599731445312"
"148000","90.18000030517578","90.18000030517578","90.18000030517578","92.24800109863281","92.24800109863281","92.24800109863281","92.28800201416016","92.28800201416016","92.28800201416016"
"149000","90.56199645996094","90.56199645996094","90.56199645996094","91.8740005493164","91.8740005493164","91.8740005493164","92.44300079345703","92.44300079345703","92.44300079345703"
"150000","90.51300048828125","90.51300048828125","90.51300048828125","92.28900146484375","92.28900146484375","92.28900146484375","92.72200012207031","92.72200012207031","92.72200012207031"
"151000","91.12200164794922","91.12200164794922","91.12200164794922","92.46800231933594","92.46800231933594","92.46800231933594","92.3479995727539","92.3479995727539","92.3479995727539"
"152000","91.13200378417969","91.13200378417969","91.13200378417969","92.56400299072266","92.56400299072266","92.56400299072266","92.55799865722656","92.55799865722656","92.55799865722656"
"153000","90.44000244140625","90.44000244140625","90.44000244140625","92.76100158691406","92.76100158691406","92.76100158691406","93.20800018310547","93.20800018310547","93.20800018310547"
"154000","90.99099731445312","90.99099731445312","90.99099731445312","92.46199798583984","92.46199798583984","92.46199798583984","92.70700073242188","92.70700073242188","92.70700073242188"
"155000","90.3489990234375","90.3489990234375","90.3489990234375","92.03800201416016","92.03800201416016","92.03800201416016","92.78800201416016","92.78800201416016","92.78800201416016"
"156000","90.43000030517578","90.43000030517578","90.43000030517578","92.9540023803711","92.9540023803711","92.9540023803711","92.75499725341797","92.75499725341797","92.75499725341797"
"157000","90.33399963378906","90.33399963378906","90.33399963378906","92.91699981689453","92.91699981689453","92.91699981689453","93.0780029296875","93.0780029296875","93.0780029296875"
"158000","90.88400268554688","90.88400268554688","90.88400268554688","93.78399658203125","93.78399658203125","93.78399658203125","92.6520004272461","92.6520004272461","92.6520004272461"
"159000","91.50900268554688","91.50900268554688","91.50900268554688","92.447998046875","92.447998046875","92.447998046875","92.08300018310547","92.08300018310547","92.08300018310547"
"160000","91.05500030517578","91.05500030517578","91.05500030517578","92.6729965209961","92.6729965209961","92.6729965209961","92.49500274658203","92.49500274658203","92.49500274658203"
"161000","91.35800170898438","91.35800170898438","91.35800170898438","92.76100158691406","92.76100158691406","92.76100158691406","93.01499938964844","93.01499938964844","93.01499938964844"
"162000","90.46700286865234","90.46700286865234","90.46700286865234","93.16999816894531","93.16999816894531","93.16999816894531","92.96600341796875","92.96600341796875","92.96600341796875"
"163000","90.47699737548828","90.47699737548828","90.47699737548828","93.25599670410156","93.25599670410156","93.25599670410156","92.89600372314453","92.89600372314453","92.89600372314453"
"164000","91.18499755859375","91.18499755859375","91.18499755859375","92.91999816894531","92.91999816894531","92.91999816894531","93.11799621582031","93.11799621582031","93.11799621582031"
"165000","91.4219970703125","91.4219970703125","91.4219970703125","93.09700012207031","93.09700012207031","93.09700012207031","92.67400360107422","92.67400360107422","92.67400360107422"
"166000","91.2249984741211","91.2249984741211","91.2249984741211","92.79100036621094","92.79100036621094","92.79100036621094","92.77100372314453","92.77100372314453","92.77100372314453"
"167000","91.03299713134766","91.03299713134766","91.03299713134766","93.04399871826172","93.04399871826172","93.04399871826172","92.552001953125","92.552001953125","92.552001953125"
"168000","91.07599639892578","91.07599639892578","91.07599639892578","93.15299987792969","93.15299987792969","93.15299987792969","92.77799987792969","92.77799987792969","92.77799987792969"
"169000","91.322998046875","91.322998046875","91.322998046875","93.43299865722656","93.43299865722656","93.43299865722656","93.15699768066406","93.15699768066406","93.15699768066406"
"170000","91.4729995727539","91.4729995727539","91.4729995727539","93.27100372314453","93.27100372314453","93.27100372314453","92.9000015258789","92.9000015258789","92.9000015258789"
"171000","91.052001953125","91.052001953125","91.052001953125","93.15799713134766","93.15799713134766","93.15799713134766","92.88500213623047","92.88500213623047","92.88500213623047"
"172000","91.1500015258789","91.1500015258789","91.1500015258789","93.25900268554688","93.25900268554688","93.25900268554688","92.8010025024414","92.8010025024414","92.8010025024414"
"173000","91.6969985961914","91.6969985961914","91.6969985961914","93.14900207519531","93.14900207519531","93.14900207519531","93.22000122070312","93.22000122070312","93.22000122070312"
"174000","91.24700164794922","91.24700164794922","91.24700164794922","92.87000274658203","92.87000274658203","92.87000274658203","92.83799743652344","92.83799743652344","92.83799743652344"
"175000","91.0719985961914","91.0719985961914","91.0719985961914","93.33699798583984","93.33699798583984","93.33699798583984","93.21600341796875","93.21600341796875","93.21600341796875"
"176000","90.66799926757812","90.66799926757812","90.66799926757812","93.35800170898438","93.35800170898438","93.35800170898438","93.20500183105469","93.20500183105469","93.20500183105469"
"177000","91.2020034790039","91.2020034790039","91.2020034790039","93.21299743652344","93.21299743652344","93.21299743652344","93.46099853515625","93.46099853515625","93.46099853515625"
"178000","91.03099822998047","91.03099822998047","91.03099822998047","93.29299926757812","93.29299926757812","93.29299926757812","92.95099639892578","92.95099639892578","92.95099639892578"
"179000","91.05699920654297","91.05699920654297","91.05699920654297","93.38500213623047","93.38500213623047","93.38500213623047","93.1500015258789","93.1500015258789","93.1500015258789"
"180000","90.96099853515625","90.96099853515625","90.96099853515625","93.38300323486328","93.38300323486328","93.38300323486328","93.18000030517578","93.18000030517578","93.18000030517578"
"181000","91.18099975585938","91.18099975585938","91.18099975585938","93.46199798583984","93.46199798583984","93.46199798583984","93.06600189208984","93.06600189208984","93.06600189208984"
"182000","91.25","91.25","91.25","93.43000030517578","93.43000030517578","93.43000030517578","93.1050033569336","93.1050033569336","93.1050033569336"
"183000","90.88800048828125","90.88800048828125","90.88800048828125","93.16500091552734","93.16500091552734","93.16500091552734","92.98200225830078","92.98200225830078","92.98200225830078"
"184000","","","","93.43199920654297","93.43199920654297","93.43199920654297","93.1969985961914","93.1969985961914","93.1969985961914"
"185000","","","","93.22599792480469","93.22599792480469","93.22599792480469","93.3219985961914","93.3219985961914","93.3219985961914"
"186000","","","","93.14600372314453","93.14600372314453","93.14600372314453","93.3740005493164","93.3740005493164","93.3740005493164"
"187000","","","","93.12200164794922","93.12200164794922","93.12200164794922","93.35399627685547","93.35399627685547","93.35399627685547"
"187500","","","","93.12799835205078","93.12799835205078","93.12799835205078","88.63200378417969","88.63200378417969","88.63200378417969"
"188500","","","","92.947998046875","92.947998046875","92.947998046875","90.40399932861328","90.40399932861328","90.40399932861328"
"189500","","","","92.71399688720703","92.71399688720703","92.71399688720703","91.23100280761719","91.23100280761719","91.23100280761719"
"190500","","","","92.38099670410156","92.38099670410156","92.38099670410156","90.79900360107422","90.79900360107422","90.79900360107422"
"191500","","","","92.87000274658203","92.87000274658203","92.87000274658203","91.9260025024414","91.9260025024414","91.9260025024414"
"192500","","","","92.3290023803711","92.3290023803711","92.3290023803711","92.62000274658203","92.62000274658203","92.62000274658203"
"193500","","","","93.23600006103516","93.23600006103516","93.23600006103516","91.96499633789062","91.96499633789062","91.96499633789062"
"194500","","","","92.7979965209961","92.7979965209961","92.7979965209961","92.21600341796875","92.21600341796875","92.21600341796875"
"195500","","","","92.31999969482422","92.31999969482422","92.31999969482422","92.00499725341797","92.00499725341797","92.00499725341797"
"196500","","","","92.8489990234375","92.8489990234375","92.8489990234375","91.44000244140625","91.44000244140625","91.44000244140625"
"197500","","","","92.90499877929688","92.90499877929688","92.90499877929688","91.84300231933594","91.84300231933594","91.84300231933594"
"198500","","","","92.60900115966797","92.60900115966797","92.60900115966797","92.83899688720703","92.83899688720703","92.83899688720703"
"199500","","","","93.11900329589844","93.11900329589844","93.11900329589844","92.96800231933594","92.96800231933594","92.96800231933594"
"200500","","","","93.06600189208984","93.06600189208984","93.06600189208984","92.28299713134766","92.28299713134766","92.28299713134766"
"201500","","","","93.36299896240234","93.36299896240234","93.36299896240234","92.16999816894531","92.16999816894531","92.16999816894531"
"202500","","","","92.25299835205078","92.25299835205078","92.25299835205078","93.18499755859375","93.18499755859375","93.18499755859375"
"203500","","","","92.59600067138672","92.59600067138672","92.59600067138672","92.64199829101562","92.64199829101562","92.64199829101562"
"204500","","","","93.66100311279297","93.66100311279297","93.66100311279297","92.97799682617188","92.97799682617188","92.97799682617188"
"205500","","","","93.9469985961914","93.9469985961914","93.9469985961914","92.72599792480469","92.72599792480469","92.72599792480469"
"206500","","","","93.28500366210938","93.28500366210938","93.28500366210938","92.55799865722656","92.55799865722656","92.55799865722656"
"207500","","","","93.80599975585938","93.80599975585938","93.80599975585938","92.53600311279297","92.53600311279297","92.53600311279297"
"208500","","","","93.60600280761719","93.60600280761719","93.60600280761719","92.41200256347656","92.41200256347656","92.41200256347656"
"209500","","","","93.57499694824219","93.57499694824219","93.57499694824219","92.42500305175781","92.42500305175781","92.42500305175781"
"210500","","","","93.18800354003906","93.18800354003906","93.18800354003906","92.24099731445312","92.24099731445312","92.24099731445312"
"211500","","","","93.91600036621094","93.91600036621094","93.91600036621094","92.75599670410156","92.75599670410156","92.75599670410156"
"212500","","","","93.40299987792969","93.40299987792969","93.40299987792969","92.86299896240234","92.86299896240234","92.86299896240234"
"213500","","","","93.79900360107422","93.79900360107422","93.79900360107422","92.927001953125","92.927001953125","92.927001953125"
"214500","","","","92.74500274658203","92.74500274658203","92.74500274658203","93.4520034790039","93.4520034790039","93.4520034790039"
"215500","","","","93.6719970703125","93.6719970703125","93.6719970703125","92.93499755859375","92.93499755859375","92.93499755859375"
"216500","","","","93.43699645996094","93.43699645996094","93.43699645996094","92.427001953125","92.427001953125","92.427001953125"
"217500","","","","93.85700225830078","93.85700225830078","93.85700225830078","92.57099914550781","92.57099914550781","92.57099914550781"
"218500","","","","93.61299896240234","93.61299896240234","93.61299896240234","93.15299987792969","93.15299987792969","93.15299987792969"
"219500","","","","93.64700317382812","93.64700317382812","93.64700317382812","93.11399841308594","93.11399841308594","93.11399841308594"
"220500","","","","93.83699798583984","93.83699798583984","93.83699798583984","93.33300018310547","93.33300018310547","93.33300018310547"
"221500","","","","93.91699981689453","93.91699981689453","93.91699981689453","93.78299713134766","93.78299713134766","93.78299713134766"
"222500","","","","94.0469970703125","94.0469970703125","94.0469970703125","93.71800231933594","93.71800231933594","93.71800231933594"
"223500","","","","94.12100219726562","94.12100219726562","94.12100219726562","93.51699829101562","93.51699829101562","93.51699829101562"
"224500","","","","93.7770004272461","93.7770004272461","93.7770004272461","93.93599700927734","93.93599700927734","93.93599700927734"
"225500","","","","94.12100219726562","94.12100219726562","94.12100219726562","93.73999786376953","93.73999786376953","93.73999786376953"
"226500","","","","94.13300323486328","94.13300323486328","94.13300323486328","93.75800323486328","93.75800323486328","93.75800323486328"
"227500","","","","93.38700103759766","93.38700103759766","93.38700103759766","93.84700012207031","93.84700012207031","93.84700012207031"
"228500","","","","93.72100067138672","93.72100067138672","93.72100067138672","93.75199890136719","93.75199890136719","93.75199890136719"
"229500","","","","93.60900115966797","93.60900115966797","93.60900115966797","93.3949966430664","93.3949966430664","93.3949966430664"
"230500","","","","93.71900177001953","93.71900177001953","93.71900177001953","93.62300109863281","93.62300109863281","93.62300109863281"
"231500","","","","93.59500122070312","93.59500122070312","93.59500122070312","93.36900329589844","93.36900329589844","93.36900329589844"
"232500","","","","94.0260009765625","94.0260009765625","94.0260009765625","93.31400299072266","93.31400299072266","93.31400299072266"
"233500","","","","93.48100280761719","93.48100280761719","93.48100280761719","93.64099884033203","93.64099884033203","93.64099884033203"
"234500","","","","93.75","93.75","93.75","93.4800033569336","93.4800033569336","93.4800033569336"
"235500","","","","94.15399932861328","94.15399932861328","94.15399932861328","93.64900207519531","93.64900207519531","93.64900207519531"
"236500","","","","94.27799987792969","94.27799987792969","94.27799987792969","93.41200256347656","93.41200256347656","93.41200256347656"
"237500","","","","93.9540023803711","93.9540023803711","93.9540023803711","93.63800048828125","93.63800048828125","93.63800048828125"
"238500","","","","94.0979995727539","94.0979995727539","94.0979995727539","93.88400268554688","93.88400268554688","93.88400268554688"
"239500","","","","93.91799926757812","93.91799926757812","93.91799926757812","93.34700012207031","93.34700012207031","93.34700012207031"
"240500","","","","93.96199798583984","93.96199798583984","93.96199798583984","93.39700317382812","93.39700317382812","93.39700317382812"
"241500","","","","94.4000015258789","94.4000015258789","94.4000015258789","93.4010009765625","93.4010009765625","93.4010009765625"
"242500","","","","94.27100372314453","94.27100372314453","94.27100372314453","93.7760009765625","93.7760009765625","93.7760009765625"
"243500","","","","94.60900115966797","94.60900115966797","94.60900115966797","93.8010025024414","93.8010025024414","93.8010025024414"
"244500","","","","94.4530029296875","94.4530029296875","94.4530029296875","93.7300033569336","93.7300033569336","93.7300033569336"
"245500","","","","94.3219985961914","94.3219985961914","94.3219985961914","93.68299865722656","93.68299865722656","93.68299865722656"
"246500","","","","94.56700134277344","94.56700134277344","94.56700134277344","93.66999816894531","93.66999816894531","93.66999816894531"
"247500","","","","94.49199676513672","94.49199676513672","94.49199676513672","93.7979965209961","93.7979965209961","93.7979965209961"
"248500","","","","94.45500183105469","94.45500183105469","94.45500183105469","93.73799896240234","93.73799896240234","93.73799896240234"
"249500","","","","94.47699737548828","94.47699737548828","94.47699737548828","93.77799987792969","93.77799987792969","93.77799987792969"
"250000","","","","94.43599700927734","94.43599700927734","94.43599700927734","90.15799713134766","90.15799713134766","90.15799713134766"
"251000","","","","94.18599700927734","94.18599700927734","94.18599700927734","91.14399719238281","91.14399719238281","91.14399719238281"
"252000","","","","94.0790023803711","94.0790023803711","94.0790023803711","91.9489974975586","91.9489974975586","91.9489974975586"
"253000","","","","93.88099670410156","93.88099670410156","93.88099670410156","92.71600341796875","92.71600341796875","92.71600341796875"
"254000","","","","93.48200225830078","93.48200225830078","93.48200225830078","92.80799865722656","92.80799865722656","92.80799865722656"
"255000","","","","94.1520004272461","94.1520004272461","94.1520004272461","93.11799621582031","93.11799621582031","93.11799621582031"
"256000","","","","93.66899871826172","93.66899871826172","93.66899871826172","92.81800079345703","92.81800079345703","92.81800079345703"
"257000","","","","93.64700317382812","93.64700317382812","93.64700317382812","92.9280014038086","92.9280014038086","92.9280014038086"
"258000","","","","93.71199798583984","93.71199798583984","93.71199798583984","92.25399780273438","92.25399780273438","92.25399780273438"
"259000","","","","94.12200164794922","94.12200164794922","94.12200164794922","92.5530014038086","92.5530014038086","92.5530014038086"
"260000","","","","93.83599853515625","93.83599853515625","93.83599853515625","93.02799987792969","93.02799987792969","93.02799987792969"
"261000","","","","93.99700164794922","93.99700164794922","93.99700164794922","92.14399719238281","92.14399719238281","92.14399719238281"
"262000","","","","94.39700317382812","94.39700317382812","94.39700317382812","92.06400299072266","92.06400299072266","92.06400299072266"
"263000","","","","93.85399627685547","93.85399627685547","93.85399627685547","92.51100158691406","92.51100158691406","92.51100158691406"
"264000","","","","93.552001953125","93.552001953125","93.552001953125","92.69999694824219","92.69999694824219","92.69999694824219"
"265000","","","","93.75700378417969","93.75700378417969","93.75700378417969","92.85399627685547","92.85399627685547","92.85399627685547"
"266000","","","","94.05400085449219","94.05400085449219","94.05400085449219","93.1240005493164","93.1240005493164","93.1240005493164"
"267000","","","","93.80599975585938","93.80599975585938","93.80599975585938","93.18099975585938","93.18099975585938","93.18099975585938"
"268000","","","","93.80799865722656","93.80799865722656","93.80799865722656","92.98500061035156","92.98500061035156","92.98500061035156"
"269000","","","","94.15799713134766","94.15799713134766","94.15799713134766","92.5469970703125","92.5469970703125","92.5469970703125"
"270000","","","","94.21199798583984","94.21199798583984","94.21199798583984","92.79100036621094","92.79100036621094","92.79100036621094"
"271000","","","","94.68299865722656","94.68299865722656","94.68299865722656","92.41500091552734","92.41500091552734","92.41500091552734"
"272000","","","","94.23899841308594","94.23899841308594","94.23899841308594","92.52799987792969","92.52799987792969","92.52799987792969"
"273000","","","","94.51699829101562","94.51699829101562","94.51699829101562","93.0469970703125","93.0469970703125","93.0469970703125"
"274000","","","","94.45600128173828","94.45600128173828","94.45600128173828","93.13300323486328","93.13300323486328","93.13300323486328"
"275000","","","","94.3499984741211","94.3499984741211","94.3499984741211","92.947998046875","92.947998046875","92.947998046875"
"276000","","","","94.46499633789062","94.46499633789062","94.46499633789062","92.80699920654297","92.80699920654297","92.80699920654297"
"277000","","","","94.35600280761719","94.35600280761719","94.35600280761719","93.3740005493164","93.3740005493164","93.3740005493164"
"278000","","","","94.31999969482422","94.31999969482422","94.31999969482422","92.80000305175781","92.80000305175781","92.80000305175781"
"279000","","","","94.66600036621094","94.66600036621094","94.66600036621094","92.9749984741211","92.9749984741211","92.9749984741211"
"280000","","","","94.03600311279297","94.03600311279297","94.03600311279297","93.375","93.375","93.375"
"281000","","","","94.88600158691406","94.88600158691406","94.88600158691406","93.35099792480469","93.35099792480469","93.35099792480469"
"282000","","","","94.70500183105469","94.70500183105469","94.70500183105469","93.58100128173828","93.58100128173828","93.58100128173828"
"283000","","","","94.65299987792969","94.65299987792969","94.65299987792969","93.9010009765625","93.9010009765625","93.9010009765625"
"284000","","","","94.60900115966797","94.60900115966797","94.60900115966797","93.74199676513672","93.74199676513672","93.74199676513672"
"285000","","","","94.9209976196289","94.9209976196289","94.9209976196289","94.03900146484375","94.03900146484375","94.03900146484375"
"286000","","","","94.86499786376953","94.86499786376953","94.86499786376953","94.01200103759766","94.01200103759766","94.01200103759766"
"287000","","","","94.375","94.375","94.375","94.11499786376953","94.11499786376953","94.11499786376953"
"288000","","","","94.10700225830078","94.10700225830078","94.10700225830078","93.68499755859375","93.68499755859375","93.68499755859375"
"289000","","","","94.6050033569336","94.6050033569336","94.6050033569336","93.74199676513672","93.74199676513672","93.74199676513672"
"290000","","","","95.20700073242188","95.20700073242188","95.20700073242188","93.33899688720703","93.33899688720703","93.33899688720703"
"291000","","","","94.50800323486328","94.50800323486328","94.50800323486328","93.6969985961914","93.6969985961914","93.6969985961914"
"292000","","","","94.55699920654297","94.55699920654297","94.55699920654297","93.79399871826172","93.79399871826172","93.79399871826172"
"293000","","","","94.68800354003906","94.68800354003906","94.68800354003906","93.73699951171875","93.73699951171875","93.73699951171875"
"294000","","","","95.072998046875","95.072998046875","95.072998046875","93.4990005493164","93.4990005493164","93.4990005493164"
"295000","","","","95.08399963378906","95.08399963378906","95.08399963378906","93.63200378417969","93.63200378417969","93.63200378417969"
"296000","","","","95.13099670410156","95.13099670410156","95.13099670410156","93.42900085449219","93.42900085449219","93.42900085449219"
"297000","","","","95.03099822998047","95.03099822998047","95.03099822998047","93.37200164794922","93.37200164794922","93.37200164794922"
"298000","","","","95.60800170898438","95.60800170898438","95.60800170898438","93.00399780273438","93.00399780273438","93.00399780273438"
"299000","","","","95.20800018310547","95.20800018310547","95.20800018310547","93.88400268554688","93.88400268554688","93.88400268554688"
"300000","","","","95.91100311279297","95.91100311279297","95.91100311279297","93.75900268554688","93.75900268554688","93.75900268554688"
"301000","","","","95.72100067138672","95.72100067138672","95.72100067138672","93.74299621582031","93.74299621582031","93.74299621582031"
"302000","","","","95.76200103759766","95.76200103759766","95.76200103759766","93.6760025024414","93.6760025024414","93.6760025024414"
"303000","","","","95.5199966430664","95.5199966430664","95.5199966430664","93.73600006103516","93.73600006103516","93.73600006103516"
"304000","","","","95.5770034790039","95.5770034790039","95.5770034790039","94.18900299072266","94.18900299072266","94.18900299072266"
"305000","","","","95.49800109863281","95.49800109863281","95.49800109863281","93.80799865722656","93.80799865722656","93.80799865722656"
"306000","","","","95.85600280761719","95.85600280761719","95.85600280761719","93.94300079345703","93.94300079345703","93.94300079345703"
"307000","","","","95.60600280761719","95.60600280761719","95.60600280761719","94.0510025024414","94.0510025024414","94.0510025024414"
"308000","","","","95.53299713134766","95.53299713134766","95.53299713134766","94.0999984741211","94.0999984741211","94.0999984741211"
"309000","","","","95.63700103759766","95.63700103759766","95.63700103759766","94.31099700927734","94.31099700927734","94.31099700927734"
"310000","","","","95.66600036621094","95.66600036621094","95.66600036621094","94.18699645996094","94.18699645996094","94.18699645996094"
"311000","","","","95.61100006103516","95.61100006103516","95.61100006103516","94.20999908447266","94.20999908447266","94.20999908447266"
"312000","","","","95.5469970703125","95.5469970703125","95.5469970703125","94.21900177001953","94.21900177001953","94.21900177001953"
"312500","","","","95.53900146484375","95.53900146484375","95.53900146484375","90.84700012207031","90.84700012207031","90.84700012207031"
"313500","","","","94.00599670410156","94.00599670410156","94.00599670410156","91.66400146484375","91.66400146484375","91.66400146484375"
"314500","","","","94.37999725341797","94.37999725341797","94.37999725341797","91.61000061035156","91.61000061035156","91.61000061035156"
"315500","","","","94.51100158691406","94.51100158691406","94.51100158691406","92.12899780273438","92.12899780273438","92.12899780273438"
"316500","","","","94.14800262451172","94.14800262451172","94.14800262451172","92.29299926757812","92.29299926757812","92.29299926757812"
"317500","","","","93.68199920654297","93.68199920654297","93.68199920654297","92.49400329589844","92.49400329589844","92.49400329589844"
"318500","","","","93.50399780273438","93.50399780273438","93.50399780273438","93.23500061035156","93.23500061035156","93.23500061035156"
"319500","","","","93.81700134277344","93.81700134277344","93.81700134277344","92.60900115966797","92.60900115966797","92.60900115966797"
"320500","","","","93.98699951171875","93.98699951171875","93.98699951171875","92.375","92.375","92.375"
"321500","","","","93.29100036621094","93.29100036621094","93.29100036621094","92.91999816894531","92.91999816894531","92.91999816894531"
"322500","","","","93.90499877929688","93.90499877929688","93.90499877929688","93.19300079345703","93.19300079345703","93.19300079345703"
"323500","","","","93.60700225830078","93.60700225830078","93.60700225830078","92.76599884033203","92.76599884033203","92.76599884033203"
"324500","","","","93.9520034790039","93.9520034790039","93.9520034790039","93.46800231933594","93.46800231933594","93.46800231933594"
"325500","","","","93.9800033569336","93.9800033569336","93.9800033569336","92.72899627685547","92.72899627685547","92.72899627685547"
"326500","","","","94.59300231933594","94.59300231933594","94.59300231933594","93.24700164794922","93.24700164794922","93.24700164794922"
"327500","","","","94.35800170898438","94.35800170898438","94.35800170898438","93.1729965209961","93.1729965209961","93.1729965209961"
"328500","","","","94.81800079345703","94.81800079345703","94.81800079345703","92.75800323486328","92.75800323486328","92.75800323486328"
"329500","","","","94.072998046875","94.072998046875","94.072998046875","92.91600036621094","92.91600036621094","92.91600036621094"
"330500","","","","94.7300033569336","94.7300033569336","94.7300033569336","93.43399810791016","93.43399810791016","93.43399810791016"
"331500","","","","94.10600280761719","94.10600280761719","94.10600280761719","93.73799896240234","93.73799896240234","93.73799896240234"
"332500","","","","94.1719970703125","94.1719970703125","94.1719970703125","93.65799713134766","93.65799713134766","93.65799713134766"
"333500","","","","94.37300109863281","94.37300109863281","94.37300109863281","93.25299835205078","93.25299835205078","93.25299835205078"
"334500","","","","93.92400360107422","93.92400360107422","93.92400360107422","93.20899963378906","93.20899963378906","93.20899963378906"
"335500","","","","94.47200012207031","94.47200012207031","94.47200012207031","93.39299774169922","93.39299774169922","93.39299774169922"
"336500","","","","93.97699737548828","93.97699737548828","93.97699737548828","93.697998046875","93.697998046875","93.697998046875"
"337500","","","","94.19200134277344","94.19200134277344","94.19200134277344","93.51399993896484","93.51399993896484","93.51399993896484"
"338500","","","","94.3290023803711","94.3290023803711","94.3290023803711","93.77200317382812","93.77200317382812","93.77200317382812"
"339500","","","","94.31999969482422","94.31999969482422","94.31999969482422","94.0979995727539","94.0979995727539","94.0979995727539"
"340500","","","","94.1969985961914","94.1969985961914","94.1969985961914","93.85700225830078","93.85700225830078","93.85700225830078"
"341500","","","","94.31199645996094","94.31199645996094","94.31199645996094","93.52300262451172","93.52300262451172","93.52300262451172"
"342500","","","","94.6050033569336","94.6050033569336","94.6050033569336","93.63400268554688","93.63400268554688","93.63400268554688"
"343500","","","","94.77400207519531","94.77400207519531","94.77400207519531","93.93000030517578","93.93000030517578","93.93000030517578"
"344500","","","","94.7760009765625","94.7760009765625","94.7760009765625","94.26899719238281","94.26899719238281","94.26899719238281"
"345500","","","","94.60299682617188","94.60299682617188","94.60299682617188","93.91899871826172","93.91899871826172","93.91899871826172"
"346500","","","","94.74199676513672","94.74199676513672","94.74199676513672","94.32099914550781","94.32099914550781","94.32099914550781"
"347500","","","","94.16100311279297","94.16100311279297","94.16100311279297","94.02799987792969","94.02799987792969","94.02799987792969"
"348500","","","","94.80899810791016","94.80899810791016","94.80899810791016","93.41100311279297","93.41100311279297","93.41100311279297"
"349500","","","","94.96299743652344","94.96299743652344","94.96299743652344","93.63999938964844","93.63999938964844","93.63999938964844"
"350500","","","","94.7770004272461","94.7770004272461","94.7770004272461","93.81400299072266","93.81400299072266","93.81400299072266"
"351500","","","","94.83599853515625","94.83599853515625","94.83599853515625","94.30799865722656","94.30799865722656","94.30799865722656"
"352500","","","","94.16200256347656","94.16200256347656","94.16200256347656","94.28700256347656","94.28700256347656","94.28700256347656"
"353500","","","","94.87300109863281","94.87300109863281","94.87300109863281","94.53500366210938","94.53500366210938","94.53500366210938"
"354500","","","","95.3239974975586","95.3239974975586","95.3239974975586","94.52799987792969","94.52799987792969","94.52799987792969"
"355500","","","","95.38700103759766","95.38700103759766","95.38700103759766","94.17500305175781","94.17500305175781","94.17500305175781"
"356500","","","","95.54299926757812","95.54299926757812","95.54299926757812","94.31400299072266","94.31400299072266","94.31400299072266"
"357500","","","","95.35199737548828","95.35199737548828","95.35199737548828","94.375","94.375","94.375"
"358500","","","","95.09200286865234","95.09200286865234","95.09200286865234","94.05699920654297","94.05699920654297","94.05699920654297"
"359500","","","","95.2490005493164","95.2490005493164","95.2490005493164","94.19599914550781","94.19599914550781","94.19599914550781"
"360500","","","","94.81999969482422","94.81999969482422","94.81999969482422","94.29199981689453","94.29199981689453","94.29199981689453"
"361500","","","","94.7249984741211","94.7249984741211","94.7249984741211","94.17500305175781","94.17500305175781","94.17500305175781"
"362500","","","","95.07499694824219","95.07499694824219","95.07499694824219","94.0530014038086","94.0530014038086","94.0530014038086"
"363500","","","","95.13600158691406","95.13600158691406","95.13600158691406","94.20500183105469","94.20500183105469","94.20500183105469"
"364500","","","","95.13800048828125","95.13800048828125","95.13800048828125","94.26200103759766","94.26200103759766","94.26200103759766"
"365500","","","","95.37899780273438","95.37899780273438","95.37899780273438","94.52799987792969","94.52799987792969","94.52799987792969"
"366500","","","","95.5770034790039","95.5770034790039","95.5770034790039","94.35700225830078","94.35700225830078","94.35700225830078"
"367500","","","","95.54000091552734","95.54000091552734","95.54000091552734","94.4489974975586","94.4489974975586","94.4489974975586"
"368500","","","","95.55599975585938","95.55599975585938","95.55599975585938","94.08100128173828","94.08100128173828","94.08100128173828"
"369500","","","","95.72699737548828","95.72699737548828","95.72699737548828","94.31099700927734","94.31099700927734","94.31099700927734"
"370500","","","","95.46600341796875","95.46600341796875","95.46600341796875","94.33899688720703","94.33899688720703","94.33899688720703"
"371500","","","","95.51399993896484","95.51399993896484","95.51399993896484","94.42500305175781","94.42500305175781","94.42500305175781"
"372500","","","","95.62799835205078","95.62799835205078","95.62799835205078","94.322998046875","94.322998046875","94.322998046875"
"373500","","","","95.6510009765625","95.6510009765625","95.6510009765625","94.3759994506836","94.3759994506836","94.3759994506836"
"374500","","","","95.76100158691406","95.76100158691406","95.76100158691406","94.30699920654297","94.30699920654297","94.30699920654297"
"375000","","","","95.75800323486328","95.75800323486328","95.75800323486328","92.17900085449219","92.17900085449219","92.17900085449219"
"376000","","","","94.41699981689453","94.41699981689453","94.41699981689453","92.86900329589844","92.86900329589844","92.86900329589844"
"377000","","","","94.78800201416016","94.78800201416016","94.78800201416016","93.28900146484375","93.28900146484375","93.28900146484375"
"378000","","","","94.63300323486328","94.63300323486328","94.63300323486328","93.14099884033203","93.14099884033203","93.14099884033203"
"379000","","","","94.88099670410156","94.88099670410156","94.88099670410156","93.38300323486328","93.38300323486328","93.38300323486328"
"380000","","","","94.19100189208984","94.19100189208984","94.19100189208984","93.86499786376953","93.86499786376953","93.86499786376953"
"381000","","","","94.1050033569336","94.1050033569336","94.1050033569336","93.37000274658203","93.37000274658203","93.37000274658203"
"382000","","","","93.76100158691406","93.76100158691406","93.76100158691406","93.33699798583984","93.33699798583984","93.33699798583984"
"383000","","","","93.28099822998047","93.28099822998047","93.28099822998047","93.86599731445312","93.86599731445312","93.86599731445312"
"384000","","","","93.46099853515625","93.46099853515625","93.46099853515625","93.45999908447266","93.45999908447266","93.45999908447266"
"385000","","","","94.02899932861328","94.02899932861328","94.02899932861328","93.3949966430664","93.3949966430664","93.3949966430664"
"386000","","","","94.51599884033203","94.51599884033203","94.51599884033203","93.2959976196289","93.2959976196289","93.2959976196289"
"387000","","","","94.0199966430664","94.0199966430664","94.0199966430664","93.72000122070312","93.72000122070312","93.72000122070312"
"388000","","","","94.19499969482422","94.19499969482422","94.19499969482422","93.87200164794922","93.87200164794922","93.87200164794922"
"389000","","","","93.71099853515625","93.71099853515625","93.71099853515625","94.06500244140625","94.06500244140625","94.06500244140625"
"390000","","","","93.875","93.875","93.875","93.50900268554688","93.50900268554688","93.50900268554688"
"391000","","","","93.48400115966797","93.48400115966797","93.48400115966797","94.44000244140625","94.44000244140625","94.44000244140625"
"392000","","","","94.02400207519531","94.02400207519531","94.02400207519531","94.125","94.125","94.125"
"393000","","","","94.06600189208984","94.06600189208984","94.06600189208984","94.83599853515625","94.83599853515625","94.83599853515625"
"394000","","","","94.0459976196289","94.0459976196289","94.0459976196289","94.36199951171875","94.36199951171875","94.36199951171875"
"395000","","","","94.23799896240234","94.23799896240234","94.23799896240234","94.072998046875","94.072998046875","94.072998046875"
"396000","","","","93.5250015258789","93.5250015258789","93.5250015258789","94.17500305175781","94.17500305175781","94.17500305175781"
"397000","","","","93.93900299072266","93.93900299072266","93.93900299072266","93.35399627685547","93.35399627685547","93.35399627685547"
"398000","","","","94.39600372314453","94.39600372314453","94.39600372314453","93.05899810791016","93.05899810791016","93.05899810791016"
"399000","","","","93.18199920654297","93.18199920654297","93.18199920654297","92.83499908447266","92.83499908447266","92.83499908447266"
"400000","","","","93.96600341796875","93.96600341796875","93.96600341796875","93.10199737548828","93.10199737548828","93.10199737548828"
"401000","","","","93.77799987792969","93.77799987792969","93.77799987792969","93.96199798583984","93.96199798583984","93.96199798583984"
"402000","","","","93.99099731445312","93.99099731445312","93.99099731445312","93.9729995727539","93.9729995727539","93.9729995727539"
"403000","","","","93.50399780273438","93.50399780273438","93.50399780273438","94.26799774169922","94.26799774169922","94.26799774169922"
"404000","","","","93.80999755859375","93.80999755859375","93.80999755859375","94.41600036621094","94.41600036621094","94.41600036621094"
"405000","","","","93.74700164794922","93.74700164794922","93.74700164794922","94.25499725341797","94.25499725341797","94.25499725341797"
"406000","","","","94.25800323486328","94.25800323486328","94.25800323486328","93.92400360107422","93.92400360107422","93.92400360107422"
"407000","","","","93.75","93.75","93.75","93.63999938964844","93.63999938964844","93.63999938964844"
"408000","","","","94.27300262451172","94.27300262451172","94.27300262451172","94.16699981689453","94.16699981689453","94.16699981689453"
"409000","","","","93.87300109863281","93.87300109863281","93.87300109863281","93.37300109863281","93.37300109863281","93.37300109863281"
"410000","","","","94.05500030517578","94.05500030517578","94.05500030517578","93.99700164794922","93.99700164794922","93.99700164794922"
"411000","","","","94.22200012207031","94.22200012207031","94.22200012207031","94.36399841308594","94.36399841308594","94.36399841308594"
"412000","","","","94.35800170898438","94.35800170898438","94.35800170898438","93.69499969482422","93.69499969482422","93.69499969482422"
"413000","","","","94.49299621582031","94.49299621582031","94.49299621582031","94.52100372314453","94.52100372314453","94.52100372314453"
"414000","","","","94.34300231933594","94.34300231933594","94.34300231933594","93.98300170898438","93.98300170898438","93.98300170898438"
"415000","","","","94.42400360107422","94.42400360107422","94.42400360107422","94.06400299072266","94.06400299072266","94.06400299072266"
"416000","","","","94.4489974975586","94.4489974975586","94.4489974975586","94.28700256347656","94.28700256347656","94.28700256347656"
"417000","","","","94.03399658203125","94.03399658203125","94.03399658203125","94.18599700927734","94.18599700927734","94.18599700927734"
"418000","","","","94.48699951171875","94.48699951171875","94.48699951171875","94.6449966430664","94.6449966430664","94.6449966430664"
"419000","","","","94.28600311279297","94.28600311279297","94.28600311279297","94.52899932861328","94.52899932861328","94.52899932861328"
"420000","","","","94.3499984741211","94.3499984741211","94.3499984741211","94.55899810791016","94.55899810791016","94.55899810791016"
"421000","","","","94.2979965209961","94.2979965209961","94.2979965209961","94.36199951171875","94.36199951171875","94.36199951171875"
"422000","","","","94.36399841308594","94.36399841308594","94.36399841308594","94.40299987792969","94.40299987792969","94.40299987792969"
"423000","","","","94.33999633789062","94.33999633789062","94.33999633789062","94.31999969482422","94.31999969482422","94.31999969482422"
"424000","","","","94.39700317382812","94.39700317382812","94.39700317382812","94.44499969482422","94.44499969482422","94.44499969482422"
"425000","","","","94.47899627685547","94.47899627685547","94.47899627685547","94.53099822998047","94.53099822998047","94.53099822998047"
"426000","","","","94.75599670410156","94.75599670410156","94.75599670410156","94.73500061035156","94.73500061035156","94.73500061035156"
"427000","","","","94.4280014038086","94.4280014038086","94.4280014038086","94.8239974975586","94.8239974975586","94.8239974975586"
"428000","","","","94.68599700927734","94.68599700927734","94.68599700927734","94.89199829101562","94.89199829101562","94.89199829101562"
"429000","","","","94.5530014038086","94.5530014038086","94.5530014038086","94.66799926757812","94.66799926757812","94.66799926757812"
"430000","","","","94.60199737548828","94.60199737548828","94.60199737548828","94.85399627685547","94.85399627685547","94.85399627685547"
"431000","","","","94.94499969482422","94.94499969482422","94.94499969482422","94.79000091552734","94.79000091552734","94.79000091552734"
"432000","","","","94.88099670410156","94.88099670410156","94.88099670410156","94.6520004272461","94.6520004272461","94.6520004272461"
"433000","","","","94.8949966430664","94.8949966430664","94.8949966430664","94.6240005493164","94.6240005493164","94.6240005493164"
"434000","","","","94.81800079345703","94.81800079345703","94.81800079345703","94.66799926757812","94.66799926757812","94.66799926757812"
"435000","","","","94.94100189208984","94.94100189208984","94.94100189208984","94.72899627685547","94.72899627685547","94.72899627685547"
"436000","","","","94.84500122070312","94.84500122070312","94.84500122070312","94.63300323486328","94.63300323486328","94.63300323486328"
"437000","","","","94.79399871826172","94.79399871826172","94.79399871826172","94.75700378417969","94.75700378417969","94.75700378417969"
"437500","","","","94.81999969482422","94.81999969482422","94.81999969482422","90.70700073242188","90.70700073242188","90.70700073242188"
"438500","","","","94.98200225830078","94.98200225830078","94.98200225830078","91.56999969482422","91.56999969482422","91.56999969482422"
"439500","","","","94.80599975585938","94.80599975585938","94.80599975585938","92.55500030517578","92.55500030517578","92.55500030517578"
"440500","","","","94.28600311279297","94.28600311279297","94.28600311279297","92.96700286865234","92.96700286865234","92.96700286865234"
"441500","","","","94.58100128173828","94.58100128173828","94.58100128173828","93.34500122070312","93.34500122070312","93.34500122070312"
"442500","","","","93.9000015258789","93.9000015258789","93.9000015258789","93.80500030517578","93.80500030517578","93.80500030517578"
"443500","","","","93.96900177001953","93.96900177001953","93.96900177001953","93.69100189208984","93.69100189208984","93.69100189208984"
"444500","","","","93.93099975585938","93.93099975585938","93.93099975585938","93.24299621582031","93.24299621582031","93.24299621582031"
"445500","","","","94.45899963378906","94.45899963378906","94.45899963378906","93.4990005493164","93.4990005493164","93.4990005493164"
"446500","","","","93.91100311279297","93.91100311279297","93.91100311279297","93.76699829101562","93.76699829101562","93.76699829101562"
"447500","","","","94.56999969482422","94.56999969482422","94.56999969482422","93.47699737548828","93.47699737548828","93.47699737548828"
"448500","","","","94.26799774169922","94.26799774169922","94.26799774169922","93.28299713134766","93.28299713134766","93.28299713134766"
"449500","","","","93.86100006103516","93.86100006103516","93.86100006103516","93.12699890136719","93.12699890136719","93.12699890136719"
"450500","","","","93.83000183105469","93.83000183105469","93.83000183105469","93.85900115966797","93.85900115966797","93.85900115966797"
"451500","","","","93.26799774169922","93.26799774169922","93.26799774169922","92.84600067138672","92.84600067138672","92.84600067138672"
"452500","","","","93.8290023803711","93.8290023803711","93.8290023803711","93.19599914550781","93.19599914550781","93.19599914550781"
"453500","","","","93.79399871826172","93.79399871826172","93.79399871826172","93.52400207519531","93.52400207519531","93.52400207519531"
"454500","","","","93.63300323486328","93.63300323486328","93.63300323486328","93.5989990234375","93.5989990234375","93.5989990234375"
"455500","","","","94.13600158691406","94.13600158691406","94.13600158691406","94.03299713134766","94.03299713134766","94.03299713134766"
"456500","","","","93.96700286865234","93.96700286865234","93.96700286865234","93.62899780273438","93.62899780273438","93.62899780273438"
"457500","","","","94.1500015258789","94.1500015258789","94.1500015258789","94.02200317382812","94.02200317382812","94.02200317382812"
"458500","","","","94.11900329589844","94.11900329589844","94.11900329589844","94.48400115966797","94.48400115966797","94.48400115966797"
"459500","","","","94.2300033569336","94.2300033569336","94.2300033569336","93.7699966430664","93.7699966430664","93.7699966430664"
"460500","","","","94.58999633789062","94.58999633789062","94.58999633789062","94.31300354003906","94.31300354003906","94.31300354003906"
"461500","","","","94.26799774169922","94.26799774169922","94.26799774169922","93.45600128173828","93.45600128173828","93.45600128173828"
"462500","","","","93.91500091552734","93.91500091552734","93.91500091552734","93.56800079345703","93.56800079345703","93.56800079345703"
"463500","","","","94.37899780273438","94.37899780273438","94.37899780273438","93.66300201416016","93.66300201416016","93.66300201416016"
"464500","","","","94.12999725341797","94.12999725341797","94.12999725341797","93.85099792480469","93.85099792480469","93.85099792480469"
"465500","","","","94.08100128173828","94.08100128173828","94.08100128173828","93.87300109863281","93.87300109863281","93.87300109863281"
"466500","","","","94.06099700927734","94.06099700927734","94.06099700927734","94.32599639892578","94.32599639892578","94.32599639892578"
"467500","","","","94.46700286865234","94.46700286865234","94.46700286865234","93.86699676513672","93.86699676513672","93.86699676513672"
"468500","","","","94.45600128173828","94.45600128173828","94.45600128173828","93.66899871826172","93.66899871826172","93.66899871826172"
"469500","","","","94.72100067138672","94.72100067138672","94.72100067138672","93.79499816894531","93.79499816894531","93.79499816894531"
"470500","","","","94.51300048828125","94.51300048828125","94.51300048828125","94.2750015258789","94.2750015258789","94.2750015258789"
"471500","","","","94.56900024414062","94.56900024414062","94.56900024414062","94.32499694824219","94.32499694824219","94.32499694824219"
"472500","","","","94.6760025024414","94.6760025024414","94.6760025024414","94.51799774169922","94.51799774169922","94.51799774169922"
"473500","","","","94.57499694824219","94.57499694824219","94.57499694824219","94.447998046875","94.447998046875","94.447998046875"
"474500","","","","94.50700378417969","94.50700378417969","94.50700378417969","94.28500366210938","94.28500366210938","94.28500366210938"
"475500","","","","94.5739974975586","94.5739974975586","94.5739974975586","94.53399658203125","94.53399658203125","94.53399658203125"
"476500","","","","94.26300048828125","94.26300048828125","94.26300048828125","94.51799774169922","94.51799774169922","94.51799774169922"
"477500","","","","94.89099884033203","94.89099884033203","94.89099884033203","94.27100372314453","94.27100372314453","94.27100372314453"
"478500","","","","94.88400268554688","94.88400268554688","94.88400268554688","94.3010025024414","94.3010025024414","94.3010025024414"
"479500","","","","94.6240005493164","94.6240005493164","94.6240005493164","94.23899841308594","94.23899841308594","94.23899841308594"
"480500","","","","94.37899780273438","94.37899780273438","94.37899780273438","94.6240005493164","94.6240005493164","94.6240005493164"
"481500","","","","94.68900299072266","94.68900299072266","94.68900299072266","94.24400329589844","94.24400329589844","94.24400329589844"
"482500","","","","94.69300079345703","94.69300079345703","94.69300079345703","94.45800018310547","94.45800018310547","94.45800018310547"
"483500","","","","94.81300354003906","94.81300354003906","94.81300354003906","94.60099792480469","94.60099792480469","94.60099792480469"
"484500","","","","94.69300079345703","94.69300079345703","94.69300079345703","94.6709976196289","94.6709976196289","94.6709976196289"
"485500","","","","94.51100158691406","94.51100158691406","94.51100158691406","94.71199798583984","94.71199798583984","94.71199798583984"
"486500","","","","94.49600219726562","94.49600219726562","94.49600219726562","95.1240005493164","95.1240005493164","95.1240005493164"
"487500","","","","94.71800231933594","94.71800231933594","94.71800231933594","94.9530029296875","94.9530029296875","94.9530029296875"
"488500","","","","94.60199737548828","94.60199737548828","94.60199737548828","94.94599914550781","94.94599914550781","94.94599914550781"
"489500","","","","94.4520034790039","94.4520034790039","94.4520034790039","94.99600219726562","94.99600219726562","94.99600219726562"
"490500","","","","94.53700256347656","94.53700256347656","94.53700256347656","94.98899841308594","94.98899841308594","94.98899841308594"
"491500","","","","94.62000274658203","94.62000274658203","94.62000274658203","94.87300109863281","94.87300109863281","94.87300109863281"
"492500","","","","94.77799987792969","94.77799987792969","94.77799987792969","95.02200317382812","95.02200317382812","95.02200317382812"
"493500","","","","94.91799926757812","94.91799926757812","94.91799926757812","95.11699676513672","95.11699676513672","95.11699676513672"
"494500","","","","94.87100219726562","94.87100219726562","94.87100219726562","95.2239990234375","95.2239990234375","95.2239990234375"
"495500","","","","94.91500091552734","94.91500091552734","94.91500091552734","95.11000061035156","95.11000061035156","95.11000061035156"
"496500","","","","94.83200073242188","94.83200073242188","94.83200073242188","95.0510025024414","95.0510025024414","95.0510025024414"
"497500","","","","94.87200164794922","94.87200164794922","94.87200164794922","94.9469985961914","94.9469985961914","94.9469985961914"
"498500","","","","94.85900115966797","94.85900115966797","94.85900115966797","95.01200103759766","95.01200103759766","95.01200103759766"
"499500","","","","94.91600036621094","94.91600036621094","94.91600036621094","95.02200317382812","95.02200317382812","95.02200317382812"
"500000","","","","94.91699981689453","94.91699981689453","94.91699981689453","93.2040023803711","93.2040023803711","93.2040023803711"
"501000","","","","94.91200256347656","94.91200256347656","94.91200256347656","94.14800262451172","94.14800262451172","94.14800262451172"
"502000","","","","94.86000061035156","94.86000061035156","94.86000061035156","94.2030029296875","94.2030029296875","94.2030029296875"
"503000","","","","94.5979995727539","94.5979995727539","94.5979995727539","94.48100280761719","94.48100280761719","94.48100280761719"
"504000","","","","94.43599700927734","94.43599700927734","94.43599700927734","93.84600067138672","93.84600067138672","93.84600067138672"
"505000","","","","94.25299835205078","94.25299835205078","94.25299835205078","94.43800354003906","94.43800354003906","94.43800354003906"
"506000","","","","94.5270004272461","94.5270004272461","94.5270004272461","94.26799774169922","94.26799774169922","94.26799774169922"
"507000","","","","94.76100158691406","94.76100158691406","94.76100158691406","94.73699951171875","94.73699951171875","94.73699951171875"
"508000","","","","94.20600128173828","94.20600128173828","94.20600128173828","94.49299621582031","94.49299621582031","94.49299621582031"
"509000","","","","94.16500091552734","94.16500091552734","94.16500091552734","93.96600341796875","93.96600341796875","93.96600341796875"
"510000","","","","93.93800354003906","93.93800354003906","93.93800354003906","94.3550033569336","94.3550033569336","94.3550033569336"
"511000","","","","94.00599670410156","94.00599670410156","94.00599670410156","94.69100189208984","94.69100189208984","94.69100189208984"
"512000","","","","94.22000122070312","94.22000122070312","94.22000122070312","93.99400329589844","93.99400329589844","93.99400329589844"
"513000","","","","93.91000366210938","93.91000366210938","93.91000366210938","93.7969970703125","93.7969970703125","93.7969970703125"
"514000","","","","93.56500244140625","93.56500244140625","93.56500244140625","93.45899963378906","93.45899963378906","93.45899963378906"
"515000","","","","94.47599792480469","94.47599792480469","94.47599792480469","94.27400207519531","94.27400207519531","94.27400207519531"
"516000","","","","93.7969970703125","93.7969970703125","93.7969970703125","94","94","94"
"517000","","","","94.14700317382812","94.14700317382812","94.14700317382812","93.52899932861328","93.52899932861328","93.52899932861328"
"518000","","","","94.0979995727539","94.0979995727539","94.0979995727539","94.08300018310547","94.08300018310547","94.08300018310547"
"519000","","","","94.6989974975586","94.6989974975586","94.6989974975586","94.27899932861328","94.27899932861328","94.27899932861328"
"520000","","","","94.36000061035156","94.36000061035156","94.36000061035156","94.73600006103516","94.73600006103516","94.73600006103516"
"521000","","","","94.34200286865234","94.34200286865234","94.34200286865234","94.0739974975586","94.0739974975586","94.0739974975586"
"522000","","","","94.12300109863281","94.12300109863281","94.12300109863281","94.31900024414062","94.31900024414062","94.31900024414062"
"523000","","","","93.74299621582031","93.74299621582031","93.74299621582031","94.24299621582031","94.24299621582031","94.24299621582031"
"524000","","","","94.15899658203125","94.15899658203125","94.15899658203125","94.05799865722656","94.05799865722656","94.05799865722656"
"525000","","","","93.48300170898438","93.48300170898438","93.48300170898438","94.427001953125","94.427001953125","94.427001953125"
"526000","","","","93.86499786376953","93.86499786376953","93.86499786376953","94.33599853515625","94.33599853515625","94.33599853515625"
"527000","","","","94.18399810791016","94.18399810791016","94.18399810791016","94.91999816894531","94.91999816894531","94.91999816894531"
"528000","","","","94.47899627685547","94.47899627685547","94.47899627685547","94.18900299072266","94.18900299072266","94.18900299072266"
"529000","","","","94.06500244140625","94.06500244140625","94.06500244140625","94.63300323486328","94.63300323486328","94.63300323486328"
"530000","","","","94.73699951171875","94.73699951171875","94.73699951171875","94.19000244140625","94.19000244140625","94.19000244140625"
"531000","","","","94.80999755859375","94.80999755859375","94.80999755859375","94.22599792480469","94.22599792480469","94.22599792480469"
"532000","","","","94.83699798583984","94.83699798583984","94.83699798583984","94.97000122070312","94.97000122070312","94.97000122070312"
"533000","","","","94.79499816894531","94.79499816894531","94.79499816894531","94.63400268554688","94.63400268554688","94.63400268554688"
"534000","","","","94.87100219726562","94.87100219726562","94.87100219726562","94.84700012207031","94.84700012207031","94.84700012207031"
"535000","","","","94.79299926757812","94.79299926757812","94.79299926757812","95.05400085449219","95.05400085449219","95.05400085449219"
"536000","","","","94.62000274658203","94.62000274658203","94.62000274658203","94.92400360107422","94.92400360107422","94.92400360107422"
"537000","","","","94.83399963378906","94.83399963378906","94.83399963378906","94.56700134277344","94.56700134277344","94.56700134277344"
"538000","","","","94.69300079345703","94.69300079345703","94.69300079345703","94.92900085449219","94.92900085449219","94.92900085449219"
"539000","","","","94.9010009765625","94.9010009765625","94.9010009765625","94.96800231933594","94.96800231933594","94.96800231933594"
"540000","","","","95.08499908447266","95.08499908447266","95.08499908447266","95.33000183105469","95.33000183105469","95.33000183105469"
"541000","","","","94.88500213623047","94.88500213623047","94.88500213623047","95.31999969482422","95.31999969482422","95.31999969482422"
"542000","","","","94.94400024414062","94.94400024414062","94.94400024414062","95.36399841308594","95.36399841308594","95.36399841308594"
"543000","","","","94.6050033569336","94.6050033569336","94.6050033569336","95.48100280761719","95.48100280761719","95.48100280761719"
"544000","","","","95.21800231933594","95.21800231933594","95.21800231933594","94.78099822998047","94.78099822998047","94.78099822998047"
"545000","","","","94.81700134277344","94.81700134277344","94.81700134277344","94.78399658203125","94.78399658203125","94.78399658203125"
"546000","","","","95.26399993896484","95.26399993896484","95.26399993896484","94.69499969482422","94.69499969482422","94.69499969482422"
"547000","","","","95.21399688720703","95.21399688720703","95.21399688720703","94.94499969482422","94.94499969482422","94.94499969482422"
"548000","","","","95.33000183105469","95.33000183105469","95.33000183105469","94.81600189208984","94.81600189208984","94.81600189208984"
"549000","","","","94.90799713134766","94.90799713134766","94.90799713134766","94.5459976196289","94.5459976196289","94.5459976196289"
"550000","","","","95.03399658203125","95.03399658203125","95.03399658203125","94.9010009765625","94.9010009765625","94.9010009765625"
"551000","","","","95.052001953125","95.052001953125","95.052001953125","95.0270004272461","95.0270004272461","95.0270004272461"
"552000","","","","95.18900299072266","95.18900299072266","95.18900299072266","95.12799835205078","95.12799835205078","95.12799835205078"
"553000","","","","94.88700103759766","94.88700103759766","94.88700103759766","95.125","95.125","95.125"
"554000","","","","95.18199920654297","95.18199920654297","95.18199920654297","94.76399993896484","94.76399993896484","94.76399993896484"
"555000","","","","95.05599975585938","95.05599975585938","95.05599975585938","94.48899841308594","94.48899841308594","94.48899841308594"
"556000","","","","94.98400115966797","94.98400115966797","94.98400115966797","94.58300018310547","94.58300018310547","94.58300018310547"
"557000","","","","95.19200134277344","95.19200134277344","95.19200134277344","94.65499877929688","94.65499877929688","94.65499877929688"
"558000","","","","95.06800079345703","95.06800079345703","95.06800079345703","94.69599914550781","94.69599914550781","94.69599914550781"
"559000","","","","95.0989990234375","95.0989990234375","95.0989990234375","94.7229995727539","94.7229995727539","94.7229995727539"
"560000","","","","95.04100036621094","95.04100036621094","95.04100036621094","94.73400115966797","94.73400115966797","94.73400115966797"
"561000","","","","95.0479965209961","95.0479965209961","95.0479965209961","94.66999816894531","94.66999816894531","94.66999816894531"
"562000","","","","95.05500030517578","95.05500030517578","95.05500030517578","94.74500274658203","94.74500274658203","94.74500274658203"
"562500","","","","95.06600189208984","95.06600189208984","95.06600189208984","92.25399780273438","92.25399780273438","92.25399780273438"
"563500","","","","95.00900268554688","95.00900268554688","95.00900268554688","93.46299743652344","93.46299743652344","93.46299743652344"
"564500","","","","94.48400115966797","94.48400115966797","94.48400115966797","92.34300231933594","92.34300231933594","92.34300231933594"
"565500","","","","94.04499816894531","94.04499816894531","94.04499816894531","93.22000122070312","93.22000122070312","93.22000122070312"
"566500","","","","94.06300354003906","94.06300354003906","94.06300354003906","93.35600280761719","93.35600280761719","93.35600280761719"
"567500","","","","94.69999694824219","94.69999694824219","94.69999694824219","93.43299865722656","93.43299865722656","93.43299865722656"
"568500","","","","94.51699829101562","94.51699829101562","94.51699829101562","93.25499725341797","93.25499725341797","93.25499725341797"
"569500","","","","94.03199768066406","94.03199768066406","94.03199768066406","93.0199966430664","93.0199966430664","93.0199966430664"
"570500","","","","94.64900207519531","94.64900207519531","94.64900207519531","93.84600067138672","93.84600067138672","93.84600067138672"
"571500","","","","94.76899719238281","94.76899719238281","94.76899719238281","93.56300354003906","93.56300354003906","93.56300354003906"
"572500","","","","94.16100311279297","94.16100311279297","94.16100311279297","93.66600036621094","93.66600036621094","93.66600036621094"
"573500","","","","94.74199676513672","94.74199676513672","94.74199676513672","93.83799743652344","93.83799743652344","93.83799743652344"
"574500","","","","94.0790023803711","94.0790023803711","94.0790023803711","93.54100036621094","93.54100036621094","93.54100036621094"
"575500","","","","94.50599670410156","94.50599670410156","94.50599670410156","94.18599700927734","94.18599700927734","94.18599700927734"
"576500","","","","94.49199676513672","94.49199676513672","94.49199676513672","93.64700317382812","93.64700317382812","93.64700317382812"
"577500","","","","94.46099853515625","94.46099853515625","94.46099853515625","93.68299865722656","93.68299865722656","93.68299865722656"
"578500","","","","93.87699890136719","93.87699890136719","93.87699890136719","93.6520004272461","93.6520004272461","93.6520004272461"
"579500","","","","94.26300048828125","94.26300048828125","94.26300048828125","93.9540023803711","93.9540023803711","93.9540023803711"
"580500","","","","94.61399841308594","94.61399841308594","94.61399841308594","93.66400146484375","93.66400146484375","93.66400146484375"
"581500","","","","94.18099975585938","94.18099975585938","94.18099975585938","94.322998046875","94.322998046875","94.322998046875"
"582500","","","","94.5199966430664","94.5199966430664","94.5199966430664","94.37999725341797","94.37999725341797","94.37999725341797"
"583500","","","","94.29199981689453","94.29199981689453","94.29199981689453","94.38300323486328","94.38300323486328","94.38300323486328"
"584500","","","","93.91799926757812","93.91799926757812","93.91799926757812","94.10900115966797","94.10900115966797","94.10900115966797"
"585500","","","","93.88600158691406","93.88600158691406","93.88600158691406","94.46399688720703","94.46399688720703","94.46399688720703"
"586500","","","","94.03900146484375","94.03900146484375","94.03900146484375","94.25399780273438","94.25399780273438","94.25399780273438"
"587500","","","","94.36900329589844","94.36900329589844","94.36900329589844","94.45899963378906","94.45899963378906","94.45899963378906"
"588500","","","","94.18099975585938","94.18099975585938","94.18099975585938","94.58200073242188","94.58200073242188","94.58200073242188"
"589500","","","","94.322998046875","94.322998046875","94.322998046875","94.61199951171875","94.61199951171875","94.61199951171875"
"590500","","","","94.17400360107422","94.17400360107422","94.17400360107422","94.40799713134766","94.40799713134766","94.40799713134766"
"591500","","","","93.73200225830078","93.73200225830078","93.73200225830078","94.625","94.625","94.625"
"592500","","","","94.38800048828125","94.38800048828125","94.38800048828125","94.68599700927734","94.68599700927734","94.68599700927734"
"593500","","","","94.84700012207031","94.84700012207031","94.84700012207031","94.34300231933594","94.34300231933594","94.34300231933594"
"594500","","","","94.96499633789062","94.96499633789062","94.96499633789062","94.29900360107422","94.29900360107422","94.29900360107422"
"595500","","","","94.77999877929688","94.77999877929688","94.77999877929688","94.23899841308594","94.23899841308594","94.23899841308594"
"596500","","","","94.69499969482422","94.69499969482422","94.69499969482422","94.37100219726562","94.37100219726562","94.37100219726562"
"597500","","","","94.35199737548828","94.35199737548828","94.35199737548828","94.677001953125","94.677001953125","94.677001953125"
"598500","","","","94.052001953125","94.052001953125","94.052001953125","94.55699920654297","94.55699920654297","94.55699920654297"
"599500","","","","94.21700286865234","94.21700286865234","94.21700286865234","94.68800354003906","94.68800354003906","94.68800354003906"
"600500","","","","94.3499984741211","94.3499984741211","94.3499984741211","94.33699798583984","94.33699798583984","94.33699798583984"
"601500","","","","94.7770004272461","94.7770004272461","94.7770004272461","94.24400329589844","94.24400329589844","94.24400329589844"
"602500","","","","94.44499969482422","94.44499969482422","94.44499969482422","95.12799835205078","95.12799835205078","95.12799835205078"
"603500","","","","94.7229995727539","94.7229995727539","94.7229995727539","94.9530029296875","94.9530029296875","94.9530029296875"
"604500","","","","94.4020004272461","94.4020004272461","94.4020004272461","94.92900085449219","94.92900085449219","94.92900085449219"
"605500","","","","94.15699768066406","94.15699768066406","94.15699768066406","94.8479995727539","94.8479995727539","94.8479995727539"
"606500","","","","94.06900024414062","94.06900024414062","94.06900024414062","95.0999984741211","95.0999984741211","95.0999984741211"
"607500","","","","94.3030014038086","94.3030014038086","94.3030014038086","95.01100158691406","95.01100158691406","95.01100158691406"
"608500","","","","94.34100341796875","94.34100341796875","94.34100341796875","94.72200012207031","94.72200012207031","94.72200012207031"
"609500","","","","94.33599853515625","94.33599853515625","94.33599853515625","94.91200256347656","94.91200256347656","94.91200256347656"
"610500","","","","94.44100189208984","94.44100189208984","94.44100189208984","94.84400177001953","94.84400177001953","94.84400177001953"
"611500","","","","94.37699890136719","94.37699890136719","94.37699890136719","94.99500274658203","94.99500274658203","94.99500274658203"
"612500","","","","94.41200256347656","94.41200256347656","94.41200256347656","95.18800354003906","95.18800354003906","95.18800354003906"
"613500","","","","94.13999938964844","94.13999938964844","94.13999938964844","95.12000274658203","95.12000274658203","95.12000274658203"
"614500","","","","94.35600280761719","94.35600280761719","94.35600280761719","95.00900268554688","95.00900268554688","95.00900268554688"
"615500","","","","94.34700012207031","94.34700012207031","94.34700012207031","94.5780029296875","94.5780029296875","94.5780029296875"
"616500","","","","94.36499786376953","94.36499786376953","94.36499786376953","94.99299621582031","94.99299621582031","94.99299621582031"
"617500","","","","94.3219985961914","94.3219985961914","94.3219985961914","94.79499816894531","94.79499816894531","94.79499816894531"
"618500","","","","94.60900115966797","94.60900115966797","94.60900115966797","94.94599914550781","94.94599914550781","94.94599914550781"
"619500","","","","94.48799896240234","94.48799896240234","94.48799896240234","95.18699645996094","95.18699645996094","95.18699645996094"
"620500","","","","94.427001953125","94.427001953125","94.427001953125","95.15799713134766","95.15799713134766","95.15799713134766"
"621500","","","","94.6989974975586","94.6989974975586","94.6989974975586","95.0739974975586","95.0739974975586","95.0739974975586"
"622500","","","","94.55000305175781","94.55000305175781","94.55000305175781","95.13300323486328","95.13300323486328","95.13300323486328"
"623500","","","","94.31099700927734","94.31099700927734","94.31099700927734","95.13899993896484","95.13899993896484","95.13899993896484"
"624500","","","","94.45899963378906","94.45899963378906","94.45899963378906","95.0469970703125","95.0469970703125","95.0469970703125"
"625000","","","","94.43099975585938","94.43099975585938","94.43099975585938","95.03099822998047","95.03099822998047","95.03099822998047"